tick,aep_active,aep_hyperactive,alpha_cleaved_gut,tau_cleaved_gut,alpha_oligomer_gut,tau_oligomer_gut,barrier_impermeability,microbiota_good_bacteria_class,microbiota_pathogenic_bacteria_class,resting_microglia,active_microglia,healthy_neuron,damaged_neuron,dead_neuron,cleaved_alpha_syn_brain,alpha_syn_oligomer_brain,cleaved_tau_brain,tau_oligomer_brain,cytokine_pro_inflammatory,cytokine_non_inflammatory,condition
1.0,50.0,0.0,0.0,0.0,0.0,0.0,50.0,27792.0,10782.1,50.0,0.0,300.0,0.0,0.0,0.0,0.0,0.0,0.0,0.0,0.0,baseline
2.0,50.0,0.0,0.0,0.0,0.0,0.0,50.0,25812.5,11616.4,50.0,0.0,300.0,0.0,0.0,0.0,0.0,0.0,0.0,0.0,0.0,baseline
3.0,50.0,0.0,0.0,0.0,0.0,0.0,50.0,24318.4,12514.6,50.0,0.0,300.0,0.0,0.0,0.0,0.0,0.0,0.0,0.0,0.0,baseline
4.0,50.0,0.0,0.0,0.0,0.0,0.0,50.0,22773.5,13307.8,50.0,0.0,300.0,0.0,0.0,0.0,0.0,0.0,0.0,0.0,0.0,baseline
5.0,49.9,0.1,0.0,0.0,0.0,0.0,49.9,21326.2,14320.5,50.0,0.0,300.0,0.0,0.0,0.0,0.0,0.0,0.0,0.0,0.0,baseline
6.0,49.9,0.1,0.2,0.0,0.0,0.0,49.9,20092.5,15338.6,50.0,0.0,300.0,0.0,0.0,0.0,0.0,0.0,0.0,0.0,0.0,baseline
7.0,49.0,1.0,0.4,0.0,0.0,0.0,49.0,18947.7,16556.0,50.0,0.0,300.0,0.0,0.0,0.0,0.0,0.0,0.0,0.0,0.0,baseline
8.0,49.0,1.0,1.0,0.2,0.0,0.0,49.0,17550.0,17734.0,50.0,0.0,300.0,0.0,0.0,0.0,0.0,0.0,0.0,0.0,0.0,baseline
9.0,47.4,2.6,1.4,0.6,0.0,0.0,47.4,16360.7,19120.0,50.0,0.0,300.0,0.0,0.0,0.0,0.0,0.0,0.0,0.0,0.0,baseline
10.0,47.4,2.6,2.2,1.8,0.0,0.0,47.4,15602.1,20521.2,50.0,0.0,300.0,0.0,0.0,0.0,0.0,0.0,0.0,0.0,0.0,baseline
11.0,46.5,3.5,2.6,2.6,0.0,0.0,46.5,14609.0,21996.2,50.0,0.0,300.0,0.0,0.0,0.0,0.0,0.0,0.0,0.0,0.0,baseline
12.0,46.5,3.5,3.2,3.8,0.0,0.0,46.5,13668.2,23714.0,50.0,0.0,300.0,0.0,0.0,0.0,0.0,0.0,0.0,0.0,0.0,baseline
13.0,45.4,4.6,4.4,4.4,0.0,0.0,45.4,12814.0,25425.1,50.0,0.0,300.0,0.0,0.0,0.0,0.0,0.0,0.0,0.0,0.0,baseline
14.0,45.4,4.6,5.0,5.6,0.0,0.0,45.4,11767.3,27399.2,50.0,0.0,300.0,0.0,0.0,0.0,0.0,0.0,0.0,0.0,0.0,baseline
15.0,44.5,5.5,5.4,6.4,0.0,0.0,44.5,11098.7,29666.3,50.0,0.0,300.0,0.0,0.0,0.0,0.0,0.0,0.0,0.0,0.0,baseline
16.0,44.5,5.5,6.0,7.0,0.0,0.0,44.5,10218.2,31946.9,50.0,0.0,300.0,0.0,0.0,0.0,0.0,0.0,0.0,0.0,0.0,baseline
17.0,43.2,6.8,7.4,9.0,0.0,0.0,43.2,9367.2,34325.1,50.0,0.0,300.0,0.0,0.0,0.0,0.0,0.0,0.0,0.0,0.0,baseline
18.0,43.2,6.8,9.6,10.2,0.0,0.0,43.2,8637.4,36840.0,50.0,0.0,300.0,0.0,0.0,0.0,0.0,0.0,0.0,0.0,0.0,baseline
19.0,42.1,7.9,11.0,12.0,0.0,0.0,42.1,8064.9,39574.9,50.0,0.0,300.0,0.0,0.0,0.0,0.0,0.0,0.0,0.0,0.0,baseline
20.0,42.1,7.9,12.8,13.4,0.0,0.0,42.1,7505.1,42638.7,50.0,0.0,300.0,0.0,0.0,0.0,0.0,0.0,0.0,0.0,0.0,baseline
21.0,41.5,8.5,14.0,14.8,0.0,0.0,41.5,7030.7,45549.4,50.0,0.0,300.0,0.0,0.0,0.0,0.0,0.0,0.0,0.0,0.0,baseline
22.0,41.5,8.5,15.4,16.0,0.0,0.0,41.5,6546.1,48618.5,50.0,0.0,300.0,0.0,0.0,0.0,0.0,0.0,0.0,0.0,0.0,baseline
23.0,40.0,10.0,17.6,17.6,0.0,0.0,40.0,6018.9,52254.5,50.0,0.0,300.0,0.0,0.0,0.0,0.0,0.0,0.0,0.0,0.0,baseline
24.0,40.0,10.0,20.2,18.8,0.0,0.0,40.0,5577.6,56317.8,50.0,0.0,300.0,0.0,0.0,0.0,0.0,0.0,0.0,0.0,0.0,baseline
25.0,39.0,11.0,22.2,20.0,0.0,0.0,39.0,5165.3,60359.1,50.0,0.0,300.0,0.0,0.0,0.0,0.0,0.0,0.0,0.0,0.0,baseline
26.0,39.0,11.0,24.4,23.2,0.0,0.0,39.0,4767.0,64835.2,50.0,0.0,300.0,0.0,0.0,0.0,0.0,0.0,0.0,0.0,0.0,baseline
27.0,38.1,11.9,26.6,25.4,0.0,0.0,38.1,4478.0,69982.3,50.0,0.0,300.0,0.0,0.0,0.0,0.0,0.0,0.0,0.0,0.0,baseline
28.0,38.1,11.9,28.0,27.4,0.0,0.0,38.1,4151.5,74861.2,50.0,0.0,300.0,0.0,0.0,0.0,0.0,0.0,0.0,0.0,0.0,baseline
29.0,37.1,12.9,29.4,29.6,0.0,0.0,37.1,3900.6,80958.8,50.0,0.0,300.0,0.0,0.0,0.0,0.0,0.0,0.0,0.0,0.0,baseline
30.0,37.1,12.9,30.4,31.6,0.0,0.0,37.1,3628.7,87178.4,50.0,0.0,300.0,0.0,0.0,0.0,0.0,0.0,0.0,0.0,0.0,baseline
31.0,36.3,13.7,33.4,32.8,0.0,0.0,36.3,3399.7,93713.9,50.0,0.0,300.0,0.0,0.0,0.0,0.0,0.0,0.0,0.0,0.0,baseline
32.0,36.3,13.7,35.0,34.8,0.0,0.0,36.3,3172.5,99755.3,50.0,0.0,300.0,0.0,0.0,0.0,0.0,0.0,0.0,0.0,0.0,baseline
33.0,35.3,14.7,36.8,37.0,0.0,0.0,35.3,2953.5,107412.8,50.0,0.0,300.0,0.0,0.0,0.0,0.0,0.0,0.0,0.0,0.0,baseline
34.0,35.3,14.7,38.8,38.8,0.0,0.0,35.3,2756.1,114873.3,50.0,0.0,300.0,0.0,0.0,0.0,0.0,0.0,0.0,0.0,0.0,baseline
35.0,34.0,16.0,41.2,40.6,0.0,0.0,34.0,2567.4,122703.6,50.0,0.0,300.0,0.0,0.0,0.0,0.0,0.0,0.0,0.0,0.0,baseline
36.0,34.0,16.0,43.6,42.8,0.0,0.0,34.0,2422.3,129149.5,50.0,0.0,300.0,0.0,0.0,0.0,0.0,0.0,0.0,0.0,0.0,baseline
37.0,33.3,16.7,46.8,45.8,0.0,0.0,33.3,2309.1,135674.0,50.0,0.0,300.0,0.0,0.0,0.0,0.0,0.0,0.0,0.0,0.0,baseline
38.0,33.3,16.7,49.0,48.8,0.0,0.0,33.3,2195.4,144537.5,50.0,0.0,300.0,0.0,0.0,0.0,0.0,0.0,0.0,0.0,0.0,baseline
39.0,32.6,17.4,52.2,51.4,0.0,0.0,32.6,2084.5,153268.6,50.0,0.0,300.0,0.0,0.0,0.0,0.0,0.0,0.0,0.0,0.0,baseline
40.0,32.6,17.4,54.0,55.0,0.0,0.0,32.6,1988.7,162474.3,50.0,0.0,300.0,0.0,0.0,0.0,0.0,0.0,0.0,0.0,0.0,baseline
41.0,31.7,18.3,55.6,57.2,0.0,0.0,31.7,1959.1,172086.9,50.0,0.0,300.0,0.0,0.0,0.0,0.0,0.0,0.0,0.0,0.0,baseline
42.0,31.7,18.3,56.4,59.4,0.0,0.0,31.7,1911.2,185400.1,50.0,0.0,300.0,0.0,0.0,0.0,0.0,0.0,0.0,0.0,0.0,baseline
43.0,30.5,19.5,58.8,62.2,0.0,0.0,30.5,1938.4,193598.3,50.0,0.0,300.0,0.0,0.0,0.0,0.0,0.0,0.0,0.0,0.0,baseline
44.0,30.5,19.5,60.6,64.0,0.0,0.0,30.5,1954.6,199175.1,50.0,0.0,300.0,0.0,0.0,0.0,0.0,0.0,0.0,0.0,0.0,baseline
45.0,29.0,21.0,64.4,66.2,0.0,0.0,29.0,2036.5,202336.3,50.0,0.0,300.0,0.0,0.0,0.0,0.0,0.0,0.0,0.0,0.0,baseline
46.0,29.0,21.0,66.0,69.6,0.0,0.0,29.0,2210.9,197919.2,50.0,0.0,300.0,0.0,0.0,0.0,0.0,0.0,0.0,0.0,0.0,baseline
47.0,27.7,22.3,69.6,72.4,0.0,0.0,27.7,2500.0,182890.5,50.0,0.0,300.0,0.0,0.0,0.0,0.0,0.0,0.0,0.0,0.0,baseline
48.0,27.7,22.3,71.6,74.0,0.0,0.0,27.7,2726.6,162948.2,50.0,0.0,300.0,0.0,0.0,0.0,0.0,0.0,0.0,0.0,0.0,baseline
49.0,26.8,23.2,73.8,77.0,0.0,0.0,26.8,3157.3,149346.7,50.0,0.0,300.0,0.0,0.0,0.0,0.0,0.0,0.0,0.0,0.0,baseline
50.0,26.8,23.2,75.6,80.4,0.0,0.0,26.8,3707.2,129369.4,50.0,0.0,300.0,0.0,0.0,0.0,0.0,0.0,0.0,0.0,0.0,baseline
51.0,25.7,24.3,79.4,83.4,0.0,0.0,25.7,4268.4,111973.3,50.0,0.0,300.0,0.0,0.0,0.0,0.0,0.0,0.0,0.0,0.0,baseline
52.0,25.7,24.3,82.8,86.2,0.0,0.1,25.7,4621.5,96027.2,50.0,0.0,300.0,0.0,0.0,0.0,0.0,0.0,0.0,0.0,0.0,baseline
53.0,24.8,25.2,85.2,89.6,0.0,0.1,24.8,5137.0,84903.3,50.0,0.0,300.0,0.0,0.0,0.0,0.0,0.0,0.0,0.0,0.0,baseline
54.0,24.8,25.2,87.4,92.2,0.0,0.1,24.8,5746.6,75043.8,50.0,0.0,300.0,0.0,0.0,0.0,0.0,0.0,0.0,0.0,0.0,baseline
55.0,23.6,26.4,90.0,96.6,0.0,0.1,23.7,6592.1,65791.1,50.0,0.0,300.0,0.0,0.0,0.0,0.0,0.0,0.0,0.0,0.0,baseline
56.0,23.6,26.4,95.4,99.4,0.0,0.1,23.7,7346.6,59318.1,50.0,0.0,300.0,0.0,0.0,0.0,0.0,0.0,0.0,0.0,0.0,baseline
57.0,23.2,26.8,97.6,102.4,0.0,0.1,23.3,8288.6,51736.4,50.0,0.0,300.0,0.0,0.0,0.0,0.0,0.0,0.0,0.0,0.0,baseline
58.0,23.2,26.8,99.8,104.8,0.0,0.1,23.3,9536.8,45440.3,50.0,0.0,300.0,0.0,0.0,0.0,0.0,0.0,0.0,0.0,0.0,baseline
59.0,22.6,27.4,103.4,108.2,0.0,0.1,22.7,10788.2,40131.8,50.0,0.0,300.0,0.0,0.0,0.0,0.0,0.0,0.0,0.0,0.0,baseline
60.0,22.6,27.4,105.6,111.2,0.0,0.1,22.7,12395.3,35238.0,50.0,0.0,300.0,0.0,0.0,0.0,0.0,0.0,0.0,0.0,0.0,baseline
61.0,21.5,28.5,107.4,113.4,0.0,0.1,21.7,14138.6,30276.4,50.0,0.0,300.0,0.0,0.0,0.0,0.0,0.0,0.0,0.0,0.0,baseline
62.0,21.5,28.5,110.2,116.3,0.0,0.1,21.7,16068.0,26654.7,50.0,0.0,300.0,0.0,0.0,0.0,0.0,0.0,0.0,0.0,0.0,baseline
63.0,20.9,29.1,113.8,120.1,0.0,0.1,21.2,18459.1,22742.8,50.0,0.0,300.0,0.0,0.0,0.0,0.0,0.0,0.0,0.0,0.0,baseline
64.0,20.9,29.1,116.2,123.1,0.0,0.1,21.2,21635.9,19580.6,50.0,0.0,300.0,0.0,0.0,0.0,0.0,0.0,0.0,0.0,0.0,baseline
65.0,20.4,29.6,119.2,126.1,0.0,0.1,20.9,25269.8,16903.2,50.0,0.0,300.0,0.0,0.0,0.0,0.0,0.0,0.0,0.0,0.0,baseline
66.0,20.4,29.6,121.8,128.9,0.0,0.1,20.9,29451.0,14549.9,50.0,0.0,300.0,0.0,0.0,0.0,0.0,0.0,0.0,0.0,0.0,baseline
67.0,19.6,30.4,124.8,131.9,0.0,0.1,20.3,34157.4,12581.0,50.0,0.0,300.0,0.0,0.0,0.0,0.0,0.0,0.0,0.0,0.0,baseline
68.0,19.6,30.4,127.8,135.7,0.0,0.1,20.3,39851.3,10767.2,50.0,0.0,300.0,0.0,0.0,0.0,0.0,0.0,0.0,0.0,0.0,baseline
69.0,19.6,30.4,131.2,137.1,0.0,0.1,20.6,47351.4,9422.8,50.0,0.0,300.0,0.0,0.0,0.0,0.0,0.0,0.0,0.0,0.0,baseline
70.0,19.6,30.4,133.4,139.3,0.0,0.1,20.6,54698.0,8214.4,50.0,0.0,300.0,0.0,0.0,0.0,0.0,0.0,0.0,0.0,0.0,baseline
71.0,19.4,30.6,135.4,142.1,0.0,0.2,20.8,63986.1,6899.0,50.0,0.0,300.0,0.0,0.0,0.0,0.0,0.0,0.0,0.0,0.0,baseline
72.0,19.4,30.6,137.8,144.5,0.0,0.2,20.8,75680.7,5964.6,50.0,0.0,300.0,0.0,0.0,0.0,0.0,0.0,0.0,0.0,0.0,baseline
73.0,19.3,30.7,140.6,147.5,0.0,0.2,21.2,87488.4,5238.9,50.0,0.0,300.0,0.0,0.0,0.0,0.0,0.0,0.0,0.0,0.0,baseline
74.0,19.3,30.7,142.6,150.7,0.0,0.2,21.2,99697.0,4590.1,50.0,0.0,300.0,0.0,0.0,0.0,0.0,0.0,0.0,0.0,0.0,baseline
75.0,19.3,30.7,145.2,153.5,0.1,0.2,21.6,117176.1,4122.4,50.0,0.0,300.0,0.0,0.0,0.0,0.0,0.0,0.0,0.0,0.0,baseline
76.0,19.3,30.7,147.2,155.7,0.1,0.2,21.6,134741.5,3583.1,50.0,0.0,300.0,0.0,0.0,0.0,0.0,0.0,0.0,0.0,0.0,baseline
77.0,19.3,30.7,150.4,159.1,0.1,0.2,22.0,154349.9,3114.8,50.0,0.0,300.0,0.0,0.0,0.0,0.0,0.0,0.0,0.0,0.0,baseline
78.0,19.3,30.7,153.8,161.7,0.2,0.2,22.0,181247.3,2643.9,50.0,0.0,300.0,0.0,0.0,0.0,0.0,0.0,0.0,0.0,0.0,baseline
79.0,19.3,30.7,155.2,163.7,0.2,0.2,22.5,210231.6,2338.4,50.0,0.0,300.0,0.0,0.0,0.0,0.0,0.0,0.0,0.0,0.0,baseline
80.0,19.3,30.7,157.8,166.3,0.2,0.2,22.5,236776.0,2064.9,50.0,0.0,300.0,0.0,0.0,0.0,0.0,0.0,0.0,0.0,0.0,baseline
81.0,19.3,30.7,160.6,168.1,0.2,0.3,22.8,272700.9,1780.2,50.0,0.0,300.0,0.0,0.0,0.0,0.0,0.0,0.0,0.0,0.0,baseline
82.0,19.3,30.7,162.4,170.1,0.2,0.3,22.8,312637.8,1578.6,50.0,0.0,300.0,0.0,0.0,0.0,0.0,0.0,0.0,0.0,0.0,baseline
83.0,19.3,30.7,164.2,172.3,0.2,0.3,23.2,351673.4,1356.5,50.0,0.0,300.0,0.0,0.0,0.0,0.0,0.0,0.0,0.0,0.0,baseline
84.0,19.3,30.7,167.6,174.3,0.2,0.3,23.2,408365.4,1182.2,50.0,0.0,300.0,0.0,0.0,0.0,0.0,0.0,0.0,0.0,0.0,baseline
85.0,19.3,30.7,169.6,176.3,0.2,0.3,23.7,452515.4,1026.3,50.0,0.0,300.0,0.0,0.0,0.0,0.0,0.0,0.0,0.0,0.0,baseline
86.0,19.3,30.7,172.2,177.3,0.2,0.3,23.7,525577.2,887.1,50.0,0.0,300.0,0.0,0.0,0.0,0.0,0.0,0.0,0.0,0.0,baseline
87.0,19.3,30.7,174.0,179.5,0.2,0.3,24.2,603979.7,780.9,50.0,0.0,300.0,0.0,0.0,0.0,0.0,0.0,0.0,0.0,0.0,baseline
88.0,19.3,30.7,177.4,181.9,0.2,0.3,24.2,686483.1,709.8,50.0,0.0,300.0,0.0,0.0,0.0,0.0,0.0,0.0,0.0,0.0,baseline
89.0,19.3,30.7,178.6,185.1,0.2,0.3,24.8,758127.9,652.7,50.0,0.0,300.0,0.0,0.0,0.0,0.0,0.0,0.0,0.0,0.0,baseline
90.0,19.3,30.7,181.6,186.5,0.2,0.3,24.8,863117.3,595.7,50.0,0.0,300.0,0.0,0.0,0.0,0.0,0.0,0.0,0.0,0.0,baseline
91.0,19.3,30.7,183.4,188.1,0.1,0.3,25.2,976030.2,552.2,50.0,0.0,300.0,0.0,0.0,0.0,0.1,0.0,0.0,0.0,0.0,baseline
92.0,19.3,30.7,185.2,190.1,0.3,0.3,25.2,1126173.3,503.5,49.9,0.1,300.0,0.0,0.0,0.0,0.1,0.0,0.0,0.1,0.0,baseline
93.0,19.3,30.7,186.6,191.9,0.3,0.3,25.7,1256105.6,457.2,49.8,0.2,270.0,30.0,0.0,14.0,0.1,16.0,0.0,0.2,0.1,baseline
94.0,19.3,30.7,188.4,193.5,0.3,0.3,25.7,1401685.5,432.4,49.8,0.2,270.0,19.2,10.8,24.7,0.0,24.5,0.0,0.4,0.1,baseline
95.0,19.3,30.7,190.4,194.7,0.3,0.3,26.2,1491255.9,418.4,49.7,0.3,270.0,6.9,23.1,28.5,0.0,27.6,0.0,0.5,0.3,baseline
96.0,19.3,30.7,191.0,196.9,0.4,0.4,26.2,1617384.5,409.6,49.7,0.3,270.0,5.4,24.6,31.1,0.0,30.4,0.0,0.5,0.6,baseline
97.0,19.3,30.7,192.6,199.5,0.5,0.4,26.6,1784869.5,403.0,49.7,0.3,270.0,5.4,24.6,33.6,0.1,32.9,0.0,0.7,0.7,baseline
98.0,19.3,30.7,194.0,201.5,0.5,0.4,26.6,1956246.1,397.2,49.7,0.3,270.0,5.4,24.6,36.0,0.2,35.5,0.0,0.9,0.8,baseline
99.0,19.3,30.7,195.8,203.5,0.5,0.4,27.1,2113176.3,383.7,49.6,0.4,270.0,5.0,25.0,38.5,0.2,38.0,0.0,1.1,1.0,baseline
100.0,19.3,30.7,197.4,204.5,0.5,0.4,27.1,2259016.2,377.8,49.6,0.4,270.0,4.9,25.1,40.9,0.1,40.5,0.0,1.4,1.1,baseline
101.0,19.3,30.7,198.8,205.5,0.6,0.5,27.7,2423508.3,388.5,49.6,0.4,270.0,4.4,25.6,42.8,0.2,43.0,0.0,1.6,1.3,baseline
102.0,19.3,30.7,201.2,206.9,0.7,0.5,27.7,2657965.8,396.2,49.6,0.4,270.0,4.1,25.9,44.5,0.3,44.8,0.0,1.8,1.5,baseline
103.0,19.3,30.7,202.4,208.1,0.7,0.5,28.0,2767239.1,414.3,49.6,0.4,270.0,3.8,26.2,46.6,0.3,46.5,0.0,1.9,1.8,baseline
104.0,19.3,30.7,205.0,209.1,0.7,0.5,28.0,3121590.4,427.0,49.5,0.5,270.0,3.8,26.2,48.5,0.3,48.4,0.0,2.0,2.2,baseline
105.0,19.3,30.7,206.4,210.5,0.7,0.5,28.7,3449043.8,441.1,49.5,0.5,270.0,3.8,26.2,50.7,0.3,49.5,0.1,2.1,2.6,baseline
106.0,19.3,30.7,208.1,212.5,0.8,0.4,28.7,3766838.2,458.8,49.4,0.6,270.0,3.8,26.2,52.7,0.3,50.9,0.3,2.3,3.0,baseline
107.0,19.3,30.7,209.9,213.5,0.8,0.4,29.1,4168950.1,482.7,49.3,0.7,270.0,3.8,26.2,54.3,0.4,51.6,0.5,2.8,3.2,baseline
108.0,19.3,30.7,211.5,214.7,0.9,0.4,29.1,4566386.8,508.3,49.3,0.7,240.0,33.8,26.2,69.9,0.4,69.8,0.5,3.1,3.6,baseline
109.0,19.3,30.7,213.5,215.9,0.9,0.4,29.6,5047945.4,533.6,49.3,0.7,240.0,3.8,56.2,71.5,0.6,70.8,0.6,3.8,3.6,baseline
110.0,19.3,30.7,215.5,217.5,0.9,0.4,29.6,5740097.7,554.9,49.3,0.7,240.0,3.6,56.4,73.0,0.7,72.1,0.7,4.2,3.9,baseline
111.0,19.3,30.7,217.1,219.5,1.0,0.5,30.3,6098655.8,601.0,49.2,0.8,240.0,3.4,56.6,75.3,0.7,73.1,0.7,4.6,4.3,baseline
112.0,19.3,30.7,218.7,221.1,1.0,0.5,30.3,6613349.0,631.5,49.2,0.8,240.0,3.2,56.8,75.0,1.0,73.4,1.1,5.0,4.7,baseline
113.0,19.3,30.7,220.3,222.3,1.0,0.5,30.8,7084813.8,666.1,49.1,0.9,240.0,3.1,56.9,76.3,1.0,75.2,1.1,5.4,5.2,baseline
114.0,19.3,30.7,221.7,223.9,1.0,0.5,30.8,7897571.8,710.9,48.6,1.4,240.0,3.0,57.0,77.6,1.1,76.5,1.1,6.4,5.6,baseline
115.0,19.3,30.7,223.9,224.9,1.0,0.5,31.4,8932108.7,751.9,48.5,1.5,240.0,3.0,57.0,78.9,1.1,77.7,1.0,7.4,6.1,baseline
116.0,19.3,30.7,224.5,226.9,1.2,0.5,31.4,9786435.6,819.1,48.2,1.8,240.0,2.4,57.6,79.4,1.3,78.7,0.9,8.3,7.0,baseline
117.0,19.3,30.7,225.9,228.7,1.2,0.5,31.6,10683268.2,873.1,48.2,1.8,240.0,2.4,57.6,78.4,1.8,78.6,1.1,9.5,7.6,baseline
118.0,19.3,30.7,227.5,230.7,1.2,0.5,31.6,12100250.4,947.4,48.2,1.8,240.0,2.3,57.7,79.3,1.8,80.0,1.1,9.9,9.0,baseline
119.0,19.3,30.7,228.7,231.9,1.2,0.5,31.9,13893475.4,1017.1,48.1,1.9,240.0,2.3,57.7,80.4,1.8,81.2,1.1,10.4,10.4,baseline
120.0,19.3,30.7,229.7,233.5,1.1,0.5,31.9,16469018.6,1118.9,48.0,2.0,240.0,2.3,57.7,81.7,1.9,82.2,1.1,11.6,11.2,baseline
121.0,19.3,30.7,231.6,235.5,1.1,0.7,32.2,18918695.1,1233.2,48.0,2.0,240.0,2.3,57.7,82.9,1.9,83.3,1.1,12.5,12.3,baseline
122.0,19.3,30.7,233.2,237.5,1.1,0.8,32.2,22053116.4,1324.4,48.0,2.0,240.0,2.3,57.7,82.1,2.3,82.6,1.5,13.8,13.0,baseline
123.0,19.3,30.7,234.6,239.1,1.1,0.7,32.7,25101869.3,1422.9,47.8,2.2,240.0,2.0,58.0,83.4,2.2,83.3,1.6,14.8,14.2,baseline
124.0,19.3,30.7,236.2,240.7,1.1,0.7,32.7,27140497.7,1514.1,47.8,2.2,240.0,2.0,58.0,84.3,2.1,84.4,1.5,16.2,15.0,baseline
125.0,19.2,30.8,237.2,242.9,1.1,0.7,33.1,30236457.2,1653.7,47.6,2.4,240.0,1.8,58.2,84.2,2.2,85.5,1.4,17.6,16.0,baseline
126.0,19.2,30.8,238.1,244.5,1.3,0.8,33.1,33160919.3,1727.6,47.5,2.5,240.0,1.8,58.2,85.0,2.2,86.4,1.3,18.8,17.3,baseline
127.0,19.1,30.9,239.7,246.3,1.3,0.8,33.8,35138657.0,1850.3,47.5,2.5,240.0,1.6,58.4,82.4,2.9,84.6,1.9,19.9,18.7,baseline
128.0,19.1,30.9,241.3,247.5,1.3,0.8,33.8,32674223.8,2010.1,47.7,2.3,240.0,1.5,58.5,82.7,3.0,85.2,1.9,21.0,19.9,baseline
129.0,19.1,30.9,243.1,248.9,1.3,0.7,34.3,30378313.9,2178.2,47.6,2.4,240.0,1.4,58.6,83.7,2.9,85.5,2.0,22.3,21.0,baseline
130.0,19.1,30.9,245.3,250.7,1.3,0.7,34.3,28076424.8,2335.5,47.3,2.7,240.0,1.3,58.7,84.4,2.9,86.1,2.0,23.8,22.2,baseline
131.0,18.9,31.1,246.5,252.4,1.3,0.8,34.5,26704649.9,2452.6,47.0,3.0,210.0,31.3,58.7,101.0,2.9,100.4,2.1,25.4,23.6,baseline
132.0,18.9,31.1,247.9,253.6,1.3,1.0,34.5,24145585.6,2620.6,47.0,3.0,210.0,1.2,88.8,96.8,4.0,97.3,2.8,26.9,25.1,baseline
133.0,18.9,31.1,248.5,255.0,1.3,1.0,35.0,22540929.6,2795.2,46.6,3.4,210.0,1.2,88.8,97.5,4.0,97.4,2.8,28.5,26.9,baseline
134.0,18.9,31.1,250.5,256.2,1.3,1.0,35.0,20938889.8,2999.0,46.5,3.5,210.0,1.2,88.8,98.0,4.0,98.1,2.8,30.2,28.7,baseline
135.0,18.9,31.1,252.3,257.4,1.3,1.0,35.7,18889772.6,3228.0,46.5,3.5,209.6,1.6,88.8,98.7,3.9,99.0,2.8,32.0,30.4,baseline
136.0,18.9,31.1,252.5,258.0,1.5,1.0,35.7,17826317.7,3512.2,46.3,3.7,208.0,3.2,88.8,100.5,3.9,100.2,2.7,34.0,32.1,baseline
137.0,18.8,31.2,253.9,259.4,1.7,1.1,36.0,16737523.1,3725.6,46.0,4.0,206.1,5.1,88.8,99.7,4.8,99.6,3.2,36.3,33.8,baseline
138.0,18.8,31.2,255.3,260.8,1.6,1.1,36.0,15849692.0,4020.2,46.0,4.0,203.3,7.7,89.0,103.3,4.9,103.7,3.1,38.7,35.4,baseline
139.0,18.6,31.4,257.3,262.6,1.6,1.1,36.1,14800856.4,4302.4,46.1,3.9,201.6,8.8,89.6,107.5,4.8,108.2,3.1,40.8,37.2,baseline
140.0,18.6,31.4,259.1,264.0,1.6,1.1,36.1,13815959.3,4642.9,46.1,3.9,199.8,10.2,90.0,112.3,4.8,113.6,3.1,42.8,39.1,baseline
141.0,18.5,31.5,260.1,265.0,1.6,1.1,36.5,12707796.0,5044.1,46.0,4.0,198.3,11.0,90.7,117.5,4.8,118.9,3.1,45.5,40.4,baseline
142.0,18.5,31.5,260.5,267.2,1.8,1.1,36.5,11764765.0,5274.9,45.8,4.2,195.8,12.3,91.9,120.4,5.3,123.6,3.6,48.2,41.9,baseline
143.0,18.4,31.6,262.5,268.2,1.7,1.1,36.8,10842880.5,5534.6,45.5,4.5,193.5,11.9,94.6,126.7,5.4,128.4,3.5,50.4,44.2,baseline
144.0,18.4,31.6,262.9,269.8,1.7,1.1,36.8,10225214.4,6029.4,45.3,4.7,192.0,11.4,96.6,132.2,5.5,133.8,3.5,52.6,46.7,baseline
145.0,18.2,31.8,263.9,271.6,1.7,1.1,36.9,9470943.7,5653.1,44.8,5.2,191.6,10.4,98.0,137.4,5.6,138.2,3.5,55.3,49.2,baseline
146.0,18.2,31.8,263.3,271.6,2.1,1.4,36.9,8910964.7,5148.6,44.6,5.4,190.6,10.7,98.7,143.6,5.6,142.6,3.5,58.3,51.6,baseline
147.0,18.2,31.8,264.5,272.8,2.1,1.4,37.3,8191054.3,4582.4,44.6,5.4,188.9,11.5,99.6,147.1,6.3,145.1,3.9,61.2,54.1,baseline
148.0,18.2,31.8,265.9,273.6,2.1,1.4,37.3,7714496.8,4094.6,43.9,6.1,188.2,10.3,101.5,152.3,6.4,148.9,4.0,64.1,57.3,baseline
149.0,18.2,31.8,266.9,275.2,2.1,1.4,38.0,7051789.5,3485.3,44.1,5.9,187.6,9.7,102.7,156.5,6.4,153.6,4.1,67.1,60.2,baseline
150.0,18.2,31.8,267.9,276.6,2.1,1.4,38.0,6668076.4,3200.4,44.0,6.0,187.1,9.8,103.1,161.6,6.3,157.7,4.1,69.9,63.4,baseline
151.0,18.2,31.8,268.6,275.4,2.2,1.9,38.7,6389389.4,2873.1,43.8,6.2,186.7,9.6,103.7,165.9,6.3,162.5,4.1,73.1,66.4,baseline
152.0,18.2,31.8,269.3,276.0,2.2,2.0,38.7,5799289.5,2541.6,43.4,6.6,186.4,9.0,104.6,165.8,7.2,164.3,4.6,76.3,69.8,baseline
153.0,18.1,31.9,270.3,277.4,2.2,1.9,39.0,5438327.1,2351.4,43.3,6.7,185.9,8.8,105.3,170.7,7.3,167.4,4.5,78.9,73.9,baseline
154.0,18.1,31.9,271.3,278.8,2.2,1.9,39.0,5143939.0,2298.8,43.2,6.8,185.7,8.7,105.6,176.4,7.2,169.0,4.8,82.6,77.0,baseline
155.0,17.9,32.1,272.5,280.4,2.2,1.9,39.1,4912086.8,2023.7,43.0,7.0,185.2,8.4,106.4,179.8,7.3,172.6,4.8,85.5,81.1,baseline
156.0,17.9,32.1,273.1,281.7,2.4,1.9,39.1,4522179.6,1882.9,42.9,7.1,184.5,9.0,106.5,183.7,7.5,176.2,4.9,89.3,84.4,baseline
157.0,17.9,32.1,273.3,280.9,2.8,2.1,39.6,4280362.6,1758.0,42.6,7.4,174.4,18.9,106.7,182.8,9.9,179.3,6.4,92.7,88.4,baseline
158.0,17.9,32.1,273.7,282.9,2.8,2.2,39.6,3949474.8,1589.9,43.1,6.9,164.5,23.5,112.0,193.3,10.0,190.0,6.7,96.5,91.5,baseline
159.0,17.9,32.1,274.9,283.3,2.8,2.2,40.3,3644863.6,1512.3,42.9,7.1,162.1,22.8,115.1,202.4,10.3,200.8,6.9,99.8,95.3,baseline
160.0,17.9,32.1,276.1,284.9,2.8,2.2,40.3,3548848.6,1483.4,42.4,7.6,159.6,20.5,119.9,212.7,10.4,209.7,6.9,103.0,99.7,baseline
161.0,17.9,32.1,276.7,285.7,2.9,2.2,40.7,3344420.1,1420.0,41.9,8.1,157.8,16.3,125.9,218.8,10.7,216.6,7.1,107.3,103.5,baseline
162.0,17.9,32.1,277.0,287.3,3.0,2.2,40.7,3064406.1,1381.0,42.1,7.9,157.0,15.6,127.4,216.5,12.4,217.3,8.7,111.4,107.3,baseline
163.0,17.9,32.1,278.2,288.1,3.0,2.1,41.5,2868598.9,1401.0,42.4,7.6,155.4,14.8,129.8,223.8,12.3,224.3,8.9,115.5,110.8,baseline
164.0,17.9,32.1,279.0,290.5,3.1,2.1,41.5,2618650.1,1419.6,42.2,7.8,154.8,12.6,132.6,228.1,12.7,229.3,9.0,118.8,115.3,baseline
165.0,17.9,32.1,280.8,291.3,3.0,2.0,41.8,2422631.9,1402.7,42.3,7.7,154.4,10.8,134.8,230.9,13.3,233.3,9.4,122.7,119.1,baseline
166.0,17.9,32.1,281.4,290.7,3.1,2.3,41.8,2224797.1,1435.3,42.0,8.0,153.9,10.7,135.4,235.3,13.4,237.1,9.6,127.3,122.5,baseline
167.0,17.9,32.1,282.0,291.7,3.1,2.4,42.2,2029349.9,1471.7,41.6,8.4,153.8,9.9,136.3,226.4,16.1,233.8,11.4,131.9,126.3,baseline
168.0,17.9,32.1,284.2,292.5,3.1,2.4,42.2,1900009.2,1514.2,41.4,8.6,153.3,9.7,137.0,231.0,16.1,236.7,11.6,135.9,130.9,baseline
169.0,17.9,32.1,284.8,294.7,3.1,2.4,42.7,1785826.2,1563.0,41.4,8.6,153.2,8.8,138.0,233.6,16.3,239.0,11.7,140.3,135.1,baseline
170.0,17.9,32.1,285.4,295.5,3.1,2.4,42.7,1633251.9,1610.5,41.0,9.0,152.8,8.8,138.4,235.9,16.5,243.6,11.7,145.7,138.7,baseline
171.0,17.5,32.5,286.6,297.1,3.2,2.5,42.5,1538193.8,1687.4,40.7,9.3,152.6,8.6,138.8,238.9,16.6,246.4,11.9,150.5,143.2,baseline
172.0,17.5,32.5,288.6,297.2,3.2,2.7,42.5,1411119.2,1764.6,40.5,9.5,152.4,8.2,139.4,230.1,19.1,239.2,14.4,154.8,148.4,baseline
173.0,17.3,32.7,289.6,297.8,3.2,2.7,42.5,1293969.9,1854.7,40.1,9.9,152.2,7.8,140.0,233.3,19.1,241.4,14.6,160.0,153.1,baseline
174.0,17.3,32.7,291.4,299.2,3.2,2.7,42.5,1194343.0,1981.7,40.4,9.6,152.1,7.5,140.4,236.1,19.0,243.9,14.8,164.8,157.9,baseline
175.0,17.0,33.0,292.8,300.8,3.2,2.7,42.8,1100678.1,2148.1,40.5,9.5,151.8,7.3,140.9,237.8,19.1,247.6,15.0,168.8,163.4,baseline
176.0,17.0,33.0,293.5,301.6,3.4,2.7,42.8,1006857.8,2305.4,40.4,9.6,151.7,6.8,141.5,239.7,19.3,250.0,15.2,172.6,169.2,baseline
177.0,16.7,33.3,294.3,301.6,3.5,2.9,42.8,922912.9,2492.5,40.2,9.8,151.7,6.4,141.9,233.2,21.2,237.3,18.4,177.6,174.0,baseline
178.0,16.7,33.3,296.1,303.4,3.5,2.9,42.8,866546.8,2664.3,39.4,10.6,151.7,6.1,142.2,234.8,21.2,240.1,18.3,182.5,179.7,baseline
179.0,16.7,33.3,297.7,304.4,3.5,3.0,42.9,793770.7,2879.7,39.0,11.0,151.7,6.0,142.3,236.3,20.9,241.8,18.7,188.3,184.9,baseline
180.0,16.7,33.3,298.1,305.8,3.5,3.0,42.9,727977.3,3065.2,39.3,10.7,151.6,5.1,143.3,238.7,20.8,243.2,18.9,194.1,189.8,baseline
181.0,16.1,33.9,299.7,305.4,3.5,3.4,42.5,672056.6,3321.2,38.8,11.2,151.5,4.9,143.6,240.8,20.9,244.2,19.1,198.7,196.4,baseline
182.0,16.1,33.9,300.1,305.4,3.7,3.7,42.5,614826.9,3590.5,38.7,11.3,151.4,4.8,143.8,233.6,22.6,237.9,20.7,203.4,203.0,baseline
183.0,16.0,34.0,301.5,306.0,3.7,3.7,42.4,573586.0,3869.3,38.7,11.3,151.3,4.6,144.1,234.2,22.6,239.8,20.7,208.7,209.0,baseline
184.0,16.0,34.0,302.3,307.8,3.7,3.6,42.4,527923.7,4128.8,38.4,11.6,151.3,4.5,144.2,235.6,22.5,241.8,20.8,214.8,214.5,baseline
185.0,15.4,34.6,303.5,309.0,3.7,3.6,42.1,487656.1,4401.8,38.2,11.8,151.2,4.1,144.7,236.9,22.7,242.7,20.9,220.4,220.7,baseline
186.0,15.4,34.6,304.1,310.0,3.9,3.7,42.1,457360.8,4733.6,38.2,11.8,151.2,4.0,144.8,238.4,22.6,243.9,20.8,227.1,225.8,baseline
187.0,14.9,35.1,303.9,311.8,4.2,3.8,41.7,423889.9,5138.6,38.2,11.8,151.2,3.9,144.9,226.9,25.5,234.1,22.9,232.4,232.3,baseline
188.0,14.9,35.1,304.5,313.2,4.2,3.8,41.7,389051.9,5576.1,38.3,11.7,151.2,3.9,144.9,228.1,25.6,235.6,22.8,239.2,237.2,baseline
189.0,14.3,35.7,306.1,314.2,4.2,3.8,41.3,361220.5,6012.1,38.2,11.8,151.1,4.0,144.9,228.4,25.7,237.2,22.8,244.9,243.3,baseline
190.0,14.3,35.7,307.9,315.8,4.2,3.8,41.3,334606.0,6484.7,38.3,11.7,151.1,3.9,145.0,229.8,25.6,238.7,22.7,250.9,249.0,baseline
191.0,13.7,36.3,307.8,316.7,4.5,3.8,40.9,316732.2,7012.4,38.4,11.6,151.1,3.7,145.2,231.0,25.7,240.2,22.8,256.3,255.2,baseline
192.0,13.7,36.3,307.1,319.3,5.0,4.0,40.9,296201.3,7411.7,37.9,12.1,151.1,3.5,145.4,226.0,27.0,232.2,24.8,261.3,262.3,baseline
193.0,13.1,36.9,309.3,320.2,5.0,4.0,40.3,283197.3,8018.9,37.8,12.2,151.1,3.3,145.6,226.3,27.2,233.8,24.5,267.8,268.0,baseline
194.0,13.1,36.9,311.7,321.6,5.0,4.0,40.3,252632.9,8638.9,37.5,12.5,151.1,3.2,145.7,227.2,27.2,235.2,24.5,273.4,274.9,baseline
195.0,12.8,37.2,313.0,323.2,5.0,4.0,40.2,244554.2,9205.3,37.8,12.2,151.1,3.0,145.9,227.7,27.2,236.8,24.2,279.7,280.8,baseline
196.0,12.8,37.2,314.0,323.7,5.2,4.1,40.2,229320.1,9378.6,37.5,12.5,151.1,2.9,146.0,228.4,27.2,237.8,24.3,285.9,287.1,baseline
197.0,12.0,38.0,314.2,324.2,5.4,4.2,39.6,216482.6,9484.5,37.3,12.7,151.1,2.8,146.1,221.6,29.0,229.2,26.4,291.8,293.9,baseline
198.0,12.0,38.0,316.2,325.0,5.5,4.2,39.6,201101.0,9636.1,37.2,12.8,151.0,2.6,146.4,221.9,29.0,230.6,26.4,297.6,300.9,baseline
199.0,11.3,38.7,317.4,326.2,5.5,4.1,39.1,187845.2,9969.7,37.3,12.7,151.0,2.5,146.5,223.2,28.8,230.7,26.5,304.9,306.3,baseline
200.0,11.3,38.7,318.6,328.4,5.5,4.0,39.1,174673.3,10482.5,37.1,12.9,151.0,2.5,146.5,223.9,28.8,231.6,26.7,311.2,312.9,baseline
201.0,10.8,39.2,319.5,328.8,5.5,4.2,38.8,163331.2,10770.3,37.3,12.7,151.0,2.5,146.5,225.6,28.7,232.0,26.8,318.2,318.6,baseline
202.0,10.8,39.2,321.5,331.0,5.7,4.3,38.8,151767.5,11196.8,36.5,13.5,151.0,2.4,146.6,219.6,30.1,223.5,28.9,325.0,325.3,baseline
203.0,10.0,40.0,321.7,332.6,5.8,4.3,38.2,139960.7,11769.0,36.5,13.5,151.0,2.4,146.6,220.2,30.0,224.4,28.8,332.0,331.8,baseline
204.0,10.0,40.0,322.7,333.2,5.8,4.4,38.2,127262.2,12214.3,37.1,12.9,151.0,2.4,146.6,221.4,29.8,225.5,28.7,337.8,338.9,baseline
205.0,9.4,40.6,323.7,335.0,5.8,4.4,38.0,117774.4,12851.0,37.1,12.9,121.0,32.2,146.8,236.5,29.7,242.1,28.5,343.5,346.1,baseline
206.0,9.4,40.6,324.7,335.6,5.9,4.5,38.0,110240.3,13594.0,36.8,13.2,121.0,2.1,176.9,237.4,29.7,243.3,28.3,350.1,352.7,baseline
207.0,8.8,41.2,325.9,336.2,6.0,4.9,37.4,103084.5,14330.9,36.5,13.5,121.0,2.0,177.0,225.4,32.2,234.4,30.3,357.7,358.6,baseline
208.0,8.8,41.2,328.1,337.2,6.0,4.9,37.4,94168.5,15307.4,36.0,14.0,121.0,2.0,177.0,226.2,31.9,235.1,30.2,365.0,365.3,baseline
209.0,7.9,42.1,330.7,339.0,6.0,4.9,36.7,87644.1,15954.1,36.0,14.0,121.0,2.0,177.0,226.4,31.9,235.2,30.1,372.8,371.5,baseline
210.0,7.9,42.1,331.7,340.2,6.0,5.0,36.7,80994.1,16649.9,35.6,14.4,121.0,1.9,177.1,227.4,31.9,235.3,30.2,379.0,379.7,baseline
211.0,7.6,42.4,332.9,341.2,6.0,5.4,36.5,75345.0,17556.1,35.5,14.5,120.9,2.0,177.1,228.8,31.8,235.9,30.2,385.6,387.6,baseline
212.0,7.6,42.4,333.2,341.0,6.2,5.6,36.5,71192.0,18368.6,35.6,14.4,120.8,2.1,177.1,221.4,33.6,228.4,32.0,393.0,394.6,baseline
213.0,7.4,42.6,335.0,341.6,6.2,5.6,36.3,67126.8,19438.6,35.5,14.5,120.8,2.1,177.1,222.2,33.3,229.6,31.7,399.1,403.0,baseline
214.0,7.4,42.6,335.6,343.2,6.2,5.6,36.3,65407.1,20721.0,35.1,14.9,120.8,2.1,177.1,223.0,33.1,230.9,31.5,405.9,411.1,baseline
215.0,7.1,42.9,336.8,344.4,6.2,5.6,35.8,62029.7,21888.5,35.1,14.9,120.8,2.1,177.1,224.0,32.6,231.9,31.4,413.1,418.8,baseline
216.0,7.1,42.9,336.3,342.9,6.5,6.0,35.8,58943.0,22506.8,34.4,15.6,120.8,2.1,177.1,224.9,32.6,232.3,31.4,422.1,425.4,baseline
217.0,6.8,43.2,335.8,343.1,6.9,6.3,35.3,56968.6,23465.8,34.5,15.5,120.8,2.0,177.2,220.3,33.7,229.0,32.2,429.5,433.5,baseline
218.0,6.8,43.2,337.6,344.7,6.8,6.3,35.3,54057.2,24123.0,34.8,15.2,120.8,2.0,177.2,221.8,33.6,229.5,32.1,436.7,441.5,baseline
219.0,6.7,43.3,339.6,346.5,6.8,6.3,35.3,50843.6,24989.8,34.6,15.4,120.8,1.9,177.3,221.6,33.5,230.1,32.0,443.9,449.7,baseline
220.0,6.7,43.3,341.0,347.7,6.8,6.3,35.3,48257.6,25903.8,34.9,15.1,120.8,1.9,177.3,222.8,33.2,230.0,32.1,452.2,456.5,baseline
221.0,6.1,43.9,342.4,347.4,7.0,6.5,34.4,46947.6,27062.7,34.5,15.5,120.8,1.9,177.3,223.4,33.2,230.4,32.2,460.0,464.2,baseline
222.0,6.1,43.9,343.4,348.0,7.1,6.7,34.4,46122.8,28138.4,34.4,15.6,120.8,1.9,177.3,218.0,34.7,223.3,34.0,467.1,472.7,baseline
223.0,5.9,44.1,345.0,349.4,7.0,6.7,33.6,44862.8,29420.5,35.0,15.0,120.8,1.9,177.3,218.8,34.9,223.4,33.9,474.2,480.6,baseline
224.0,5.9,44.1,345.8,350.0,7.0,6.7,33.6,44171.1,28851.1,35.1,14.9,120.8,1.9,177.3,219.8,34.7,223.5,34.1,481.2,488.5,baseline
225.0,5.6,44.4,348.4,351.4,7.0,6.7,32.8,44889.9,25337.1,35.0,15.0,120.8,1.9,177.3,220.8,34.2,224.4,33.9,488.7,496.0,baseline
226.0,5.6,44.4,348.1,352.7,7.3,6.8,32.8,45110.2,21498.8,34.6,15.4,120.8,1.9,177.3,221.1,34.2,225.2,33.9,496.2,503.9,baseline
227.0,5.6,44.4,346.6,352.2,7.9,7.2,32.6,44373.1,19985.3,34.4,15.6,120.8,1.9,177.3,215.7,35.5,222.5,34.7,503.8,511.9,baseline
228.0,5.6,44.4,348.4,353.0,7.9,7.3,32.6,47010.0,17636.8,34.6,15.4,120.8,1.8,177.4,216.7,35.2,223.3,34.6,510.7,520.4,baseline
229.0,5.6,44.4,349.6,354.4,8.0,7.4,32.2,48017.6,15068.8,34.2,15.8,120.8,1.8,177.4,217.0,35.1,224.4,34.5,518.2,528.7,baseline
230.0,5.6,44.4,351.6,356.2,8.0,7.4,32.2,51268.5,13250.5,34.1,15.9,120.8,1.8,177.4,217.8,35.0,225.4,34.4,526.3,536.5,baseline
231.0,5.5,44.5,352.7,356.8,8.2,7.5,31.7,55945.2,11587.9,34.5,15.5,120.8,1.8,177.4,218.6,34.9,226.3,34.3,533.9,544.4,baseline
232.0,5.5,44.5,352.3,354.8,8.6,8.1,31.7,59757.1,9654.2,34.2,15.8,120.8,1.8,177.4,215.9,35.6,222.2,35.1,542.7,551.4,baseline
233.0,5.4,44.6,352.9,355.8,8.6,8.1,31.1,64600.1,8398.4,34.5,15.5,120.8,1.8,177.4,216.8,35.4,222.7,35.1,549.9,559.7,baseline
234.0,5.4,44.6,353.7,357.8,8.6,8.0,31.1,70198.3,7295.9,34.4,15.6,120.8,1.8,177.4,217.9,35.3,222.6,35.2,558.2,567.0,baseline
235.0,5.4,44.6,354.7,360.0,8.6,8.0,30.7,74448.3,6489.9,34.8,15.2,120.8,1.8,177.4,218.5,35.2,222.9,34.9,565.7,574.7,baseline
236.0,5.4,44.6,355.1,359.7,8.9,8.4,30.7,84757.2,5603.0,34.0,16.0,120.8,1.8,177.4,219.2,35.2,224.0,34.7,573.3,583.1,baseline
237.0,5.4,44.6,354.2,359.3,9.2,8.7,30.7,90321.2,4992.4,33.9,16.1,120.8,1.8,177.4,215.8,36.1,218.6,35.9,581.6,590.9,baseline
238.0,5.4,44.6,355.4,360.1,9.2,8.7,30.7,104605.2,4482.7,33.5,16.5,120.8,1.8,177.4,216.2,36.1,219.5,35.6,588.9,600.1,baseline
239.0,5.2,44.8,357.3,360.5,9.2,8.7,30.4,124166.5,3976.2,33.7,16.3,120.7,1.8,177.5,217.3,35.8,220.1,35.5,597.6,607.7,baseline
240.0,5.2,44.8,359.1,361.7,9.1,8.7,30.4,136762.5,3547.3,33.5,16.5,120.7,1.8,177.5,218.0,35.7,220.8,35.5,605.5,616.3,baseline
241.0,5.2,44.8,358.8,363.2,9.2,8.6,30.8,146112.0,3107.3,33.1,16.9,120.7,1.8,177.5,218.7,35.7,221.9,35.5,612.6,626.1,baseline
242.0,5.2,44.8,357.4,360.8,9.8,9.4,30.8,135054.6,2805.5,33.0,17.0,120.7,1.8,177.5,215.7,36.5,216.8,36.5,621.3,634.4,baseline
243.0,5.1,44.9,358.8,362.6,9.8,9.4,30.9,129087.0,2450.5,33.1,16.9,115.5,7.0,177.5,219.7,36.5,219.0,36.6,629.6,643.0,baseline
244.0,5.1,44.9,359.2,363.2,9.7,9.4,30.9,123981.3,2117.0,33.1,16.9,108.0,12.7,179.3,226.3,36.4,224.7,36.5,637.9,651.6,baseline
245.0,4.9,45.1,359.8,364.6,9.7,9.4,30.8,126662.9,1878.6,33.7,16.3,103.8,14.4,181.8,232.7,36.4,232.2,36.4,646.9,658.9,baseline
246.0,4.9,45.1,359.4,363.6,10.0,10.0,30.8,120394.4,1653.5,33.6,16.4,98.5,14.1,187.4,239.4,36.3,239.6,36.2,655.6,666.6,baseline
247.0,4.9,45.1,360.7,364.0,10.2,10.3,30.9,121314.2,1462.5,33.4,16.6,95.5,13.4,191.1,241.1,37.1,242.6,36.6,663.4,675.4,baseline
248.0,4.9,45.1,361.0,365.0,10.2,10.3,30.9,118828.9,1226.6,33.4,16.6,95.1,12.3,192.6,246.2,37.1,248.6,36.5,672.3,683.1,baseline
249.0,4.8,45.2,363.0,366.0,10.1,10.3,31.1,118922.1,1071.0,32.7,17.3,94.7,11.3,194.0,252.4,36.9,253.3,36.5,680.6,692.1,baseline
250.0,4.8,45.2,363.4,367.0,9.9,10.3,31.1,121664.2,916.2,32.5,17.5,93.8,11.6,194.6,257.8,36.8,259.4,36.4,690.0,700.2,baseline
251.0,4.6,45.4,363.2,366.5,10.2,10.6,31.2,122684.4,792.1,32.4,17.6,93.2,9.5,197.3,262.9,36.7,263.0,36.5,698.4,709.4,baseline
252.0,4.6,45.4,362.9,365.0,10.5,11.0,31.2,128548.2,699.7,32.2,17.8,92.6,8.6,198.8,259.5,38.1,263.1,37.7,705.9,719.7,baseline
253.0,4.6,45.4,363.3,365.6,10.4,11.0,31.6,132536.4,658.2,32.2,17.8,91.9,7.3,200.8,263.1,38.2,266.0,37.6,714.4,729.0,baseline
254.0,4.6,45.4,363.9,367.0,10.4,11.0,31.6,137216.9,602.6,32.1,17.9,91.8,6.0,202.2,265.2,38.3,268.6,37.6,724.5,736.8,baseline
255.0,4.5,45.5,364.9,367.8,10.4,11.0,31.9,143902.9,551.3,31.9,18.1,91.7,5.7,202.6,268.8,38.1,269.7,37.7,734.3,745.1,baseline
256.0,4.5,45.5,363.7,367.4,10.7,11.4,31.9,149806.2,520.8,32.0,18.0,91.4,5.7,202.9,271.1,38.0,272.7,37.6,742.9,754.5,baseline
257.0,4.4,45.6,363.7,368.0,11.0,11.6,32.1,157879.5,495.1,31.9,18.1,91.3,5.4,203.3,267.4,39.1,267.4,39.7,752.0,763.5,baseline
258.0,4.4,45.6,364.9,368.6,10.9,11.6,32.1,169661.1,480.5,31.7,18.3,91.3,4.8,203.9,269.6,39.0,269.9,39.6,761.0,772.8,baseline
259.0,4.4,45.6,366.3,370.0,10.9,11.6,32.5,182155.9,483.0,32.0,18.0,91.3,4.7,204.0,272.5,38.6,270.8,39.6,769.3,782.5,baseline
260.0,4.4,45.6,367.7,370.6,10.9,11.7,32.5,198664.6,489.2,32.1,17.9,91.3,4.6,204.1,274.3,38.7,272.7,39.6,778.4,791.3,baseline
261.0,4.1,45.9,365.1,370.2,11.8,11.9,32.7,212382.8,506.9,31.5,18.5,91.2,4.7,204.1,276.0,38.4,274.4,39.8,788.1,800.1,baseline
262.0,4.1,45.9,364.7,370.5,11.9,12.3,32.7,235359.2,518.1,31.3,18.7,91.2,4.6,204.2,273.7,39.2,270.7,40.8,797.5,809.4,baseline
263.0,3.7,46.3,365.7,371.5,11.9,12.3,32.7,251245.7,525.0,30.6,19.4,91.2,4.6,204.2,275.5,39.2,272.3,40.7,807.3,819.0,baseline
264.0,3.7,46.3,366.3,372.3,11.8,12.3,32.7,270735.0,553.8,30.3,19.7,91.2,4.6,204.2,277.2,39.3,274.1,40.2,817.1,828.9,baseline
265.0,3.5,46.5,367.7,373.3,11.8,12.1,32.9,299846.1,576.1,30.5,19.5,91.2,4.6,204.2,279.5,39.1,276.4,40.2,827.5,838.0,baseline
266.0,3.5,46.5,367.5,372.0,11.9,12.4,32.9,336959.9,599.3,30.4,19.6,61.2,34.6,204.2,293.7,39.2,296.0,40.3,837.9,847.2,baseline
267.0,3.3,46.7,366.2,371.8,12.4,12.7,33.1,378406.3,626.2,30.9,19.1,61.2,4.6,234.2,286.4,40.9,291.2,41.9,848.7,855.5,baseline
268.0,3.3,46.7,366.3,371.8,12.3,12.7,33.1,427539.7,659.0,30.6,19.4,61.1,4.7,234.2,288.9,40.8,293.3,41.8,859.0,864.6,baseline
269.0,3.0,47.0,367.9,373.8,12.2,12.7,33.0,461025.4,701.0,30.6,19.4,61.1,4.6,234.3,290.1,41.1,295.8,41.6,869.3,873.7,baseline
270.0,3.0,47.0,369.1,374.6,12.3,12.7,33.0,513661.6,736.4,30.6,19.4,61.1,4.1,234.8,292.6,41.0,297.4,41.5,879.4,883.0,baseline
271.0,2.8,47.2,367.7,374.1,12.8,12.9,33.0,560769.6,787.7,29.9,20.1,61.1,3.8,235.1,294.7,40.9,298.9,41.3,889.4,893.1,baseline
272.0,2.8,47.2,368.1,374.1,12.8,13.0,33.0,642849.2,842.2,30.0,20.0,61.1,3.7,235.2,287.5,42.7,293.5,43.0,900.5,902.0,baseline
273.0,2.5,47.5,368.7,375.8,12.8,13.0,33.0,729524.0,880.9,29.8,20.2,61.0,3.6,235.4,288.8,42.6,295.3,42.9,910.3,912.4,baseline
274.0,2.5,47.5,369.3,377.6,12.7,13.0,33.0,840401.5,955.4,30.0,20.0,61.0,3.5,235.5,290.0,42.7,297.1,42.8,919.8,922.9,baseline
275.0,2.4,47.6,369.7,378.5,12.7,13.0,33.3,917922.2,1005.4,29.3,20.7,61.0,3.4,235.6,291.7,42.7,298.3,42.6,929.9,933.5,baseline
276.0,2.4,47.6,368.8,375.4,13.1,13.8,33.3,989998.7,1062.2,29.0,21.0,61.0,3.3,235.7,293.2,42.7,300.1,42.1,941.6,942.8,baseline
277.0,2.2,47.8,370.2,375.4,13.1,14.0,33.1,1055315.0,1141.6,29.1,20.9,61.0,3.2,235.8,287.4,44.3,294.1,43.5,951.7,953.6,baseline
278.0,2.2,47.8,371.4,376.6,13.0,14.0,33.1,1139505.8,1229.8,29.3,20.7,61.0,3.2,235.8,289.4,44.1,295.3,43.2,962.8,963.2,baseline
279.0,1.9,48.1,372.5,377.2,13.0,13.9,32.9,1228644.0,1281.6,29.8,20.2,61.0,3.2,235.8,290.6,43.9,297.2,43.1,974.1,972.1,baseline
280.0,1.9,48.1,373.1,377.6,13.0,13.9,32.9,1350553.7,1328.6,29.7,20.3,61.0,3.1,235.9,292.3,43.8,298.0,43.2,985.1,981.4,baseline
281.0,1.9,48.1,373.9,376.3,13.3,14.5,32.9,1417429.6,1409.7,29.9,20.1,61.0,3.1,235.9,293.6,43.7,299.4,43.1,995.6,991.0,baseline
282.0,1.9,48.1,372.9,374.5,13.7,15.1,32.9,1553591.4,1518.2,29.8,20.2,61.0,3.1,235.9,288.5,45.1,295.1,44.3,1006.7,1000.1,baseline
283.0,1.6,48.4,373.5,375.7,13.7,15.1,32.9,1741885.0,1623.0,28.8,21.2,60.9,3.1,236.0,289.4,44.9,296.8,44.0,1017.3,1010.7,baseline
284.0,1.6,48.4,374.9,377.1,13.6,15.1,32.9,1776023.3,1757.0,28.8,21.2,60.9,3.0,236.1,290.3,44.8,298.4,43.8,1029.6,1019.6,baseline
285.0,1.2,48.8,376.1,377.9,13.6,15.1,32.8,1809636.1,1905.2,28.3,21.7,60.9,2.9,236.2,291.6,44.3,300.0,43.6,1041.3,1029.6,baseline
286.0,1.2,48.8,374.8,375.9,14.1,15.7,32.8,1965587.6,2067.7,28.1,21.9,60.9,2.9,236.2,293.3,44.3,301.2,43.7,1051.2,1041.6,baseline
287.0,1.0,49.0,375.1,376.7,14.3,15.6,32.5,2143719.3,2233.8,28.3,21.7,60.8,2.9,236.3,283.5,46.4,296.6,45.0,1061.0,1053.5,baseline
288.0,1.0,49.0,375.9,377.3,14.2,15.5,32.5,2278300.1,2476.2,28.8,21.2,60.8,2.9,236.3,284.8,46.4,297.8,44.8,1071.4,1064.3,baseline
289.0,0.9,49.1,377.5,378.3,14.2,15.5,32.5,2433371.2,2603.7,29.0,21.0,60.8,2.9,236.3,285.3,46.0,299.7,44.7,1081.8,1074.9,baseline
290.0,0.9,49.1,378.3,379.5,14.1,15.5,32.5,2672009.0,2822.8,28.7,21.3,60.8,2.8,236.4,286.8,45.6,301.0,44.3,1091.7,1086.3,baseline
291.0,0.5,49.5,376.7,376.8,14.9,16.2,32.5,2778278.7,3095.0,28.5,21.5,60.8,2.8,236.4,287.6,45.2,302.8,44.2,1102.4,1097.1,baseline
292.0,0.5,49.5,377.6,377.1,14.8,16.3,32.5,2833080.2,3310.5,28.8,21.2,60.8,2.6,236.6,281.4,46.8,298.4,45.3,1113.7,1107.0,baseline
293.0,0.3,49.7,379.8,377.9,14.7,16.3,32.2,2821477.3,3534.5,28.2,21.8,60.8,2.6,236.6,282.0,46.9,300.0,45.3,1125.5,1117.0,baseline
294.0,0.3,49.7,381.2,378.5,14.7,16.2,32.2,2907175.0,3804.7,28.1,21.9,60.8,2.5,236.7,283.4,46.7,301.1,45.3,1136.0,1128.4,baseline
295.0,0.2,49.8,382.4,380.3,14.7,16.2,32.3,2900380.6,4145.1,27.4,22.6,60.8,2.5,236.7,284.4,46.6,302.6,44.9,1148.1,1138.9,baseline
296.0,0.2,49.8,380.6,379.0,15.2,16.9,32.3,2973003.9,4395.1,27.5,22.5,60.8,2.5,236.7,286.4,46.3,302.6,44.8,1159.9,1149.6,baseline
297.0,0.0,50.0,379.4,378.8,15.5,17.1,32.2,3351988.4,4703.3,26.9,23.1,60.7,2.6,236.7,281.2,47.7,297.3,45.7,1172.3,1160.3,baseline
298.0,0.0,50.0,380.0,380.2,15.5,17.0,32.2,3507178.7,4315.9,27.5,22.5,60.6,2.7,236.7,281.9,47.9,298.4,45.7,1182.5,1172.6,baseline
299.0,0.0,50.0,380.4,381.2,15.5,16.9,32.4,3713397.1,3929.4,28.1,21.9,60.6,2.7,236.7,283.2,47.7,298.2,46.0,1191.8,1185.2,baseline
300.0,0.0,50.0,381.4,381.4,15.5,16.9,32.4,3900099.3,3513.2,28.4,21.6,60.6,2.6,236.8,284.7,47.7,299.3,45.9,1202.1,1196.5,baseline
301.0,0.0,50.0,381.3,381.2,15.6,17.0,32.5,4181812.3,3032.1,28.8,21.2,60.6,2.6,236.8,285.5,47.6,301.1,46.1,1212.5,1207.3,baseline
302.0,0.0,50.0,381.3,379.5,15.7,17.6,32.5,4431955.9,2837.6,29.3,20.7,60.6,2.6,236.8,280.2,48.8,293.2,47.9,1223.2,1217.3,baseline
303.0,0.0,50.0,381.3,380.4,15.8,17.4,32.5,4131948.7,2615.2,30.2,19.8,60.6,2.4,237.0,280.8,48.8,294.1,48.0,1232.7,1227.6,baseline
304.0,0.0,50.0,383.3,381.1,15.8,17.4,32.5,3926821.4,2407.0,30.4,19.6,60.6,2.2,237.2,281.1,48.8,294.4,48.2,1241.8,1238.1,baseline
305.0,0.0,50.0,383.7,382.3,15.8,17.4,32.2,3643569.0,2409.6,29.5,20.5,60.6,2.2,237.2,282.0,48.5,295.2,48.3,1252.1,1248.3,baseline
306.0,0.0,50.0,383.6,381.5,15.9,17.6,32.2,3554582.4,2287.4,29.5,20.5,60.6,2.1,237.3,282.6,48.5,295.5,48.5,1263.1,1257.8,baseline
307.0,0.0,50.0,382.8,381.5,16.2,17.8,32.5,3320247.9,2088.7,29.2,20.8,60.6,2.1,237.3,276.8,50.0,288.5,50.2,1274.6,1267.1,baseline
308.0,0.0,50.0,384.0,382.3,16.1,17.8,32.5,3134212.0,2015.7,29.0,21.0,60.6,2.1,237.3,277.6,49.9,289.8,50.1,1285.1,1277.6,baseline
309.0,0.0,50.0,385.2,383.1,16.2,17.8,32.2,2911683.7,1874.1,28.6,21.4,60.6,2.1,237.3,278.8,49.9,289.9,50.0,1295.7,1288.4,baseline
310.0,0.0,50.0,385.4,384.3,16.3,17.7,32.2,2664774.3,1836.6,28.7,21.3,60.5,2.2,237.3,279.0,50.0,291.1,50.1,1305.3,1300.1,baseline
311.0,0.0,50.0,383.7,383.2,16.7,18.2,31.8,2512711.0,1856.9,28.7,21.3,60.4,2.3,237.3,280.0,50.1,292.4,50.1,1315.3,1311.4,baseline
312.0,0.0,50.0,382.4,380.7,17.2,18.8,31.8,2332136.3,1798.1,28.5,21.5,60.3,2.4,237.3,274.9,51.2,288.0,51.1,1327.7,1320.5,baseline
313.0,0.0,50.0,382.6,381.7,17.0,18.7,32.1,2130011.4,1765.3,28.4,21.6,60.3,2.4,237.3,275.4,51.0,289.0,51.2,1337.7,1332.1,baseline
314.0,0.0,50.0,383.0,382.1,17.0,18.7,32.1,2002845.1,1782.3,27.8,22.2,60.3,2.1,237.6,276.4,50.9,289.6,51.3,1348.2,1343.8,baseline
315.0,0.0,50.0,384.0,382.1,17.0,18.7,32.0,1828835.4,1831.4,27.8,22.2,60.3,2.0,237.7,276.6,50.8,290.9,51.1,1359.3,1354.9,baseline
316.0,0.0,50.0,382.2,382.0,17.7,18.9,32.0,1698601.1,1894.8,27.9,22.1,60.3,2.0,237.7,277.4,50.7,292.0,51.1,1370.3,1366.0,baseline
317.0,0.0,50.0,381.2,381.9,18.0,19.2,32.5,1592412.8,1953.3,27.0,23.0,60.3,2.0,237.7,268.6,52.8,285.2,52.3,1383.0,1376.3,baseline
318.0,0.0,50.0,381.8,383.5,18.0,19.0,32.5,1424643.3,1978.6,27.0,23.0,60.1,2.2,237.7,269.8,52.8,286.1,52.2,1394.2,1388.1,baseline
319.0,0.0,50.0,383.4,383.7,18.0,18.9,32.5,1358013.8,2016.6,26.7,23.3,60.1,2.2,237.7,271.1,52.6,287.0,52.1,1406.4,1399.2,baseline
320.0,0.0,50.0,384.0,384.7,18.0,18.9,32.5,1215656.0,2039.8,27.2,22.8,60.1,2.2,237.7,272.0,52.6,288.3,51.9,1418.4,1410.0,baseline
321.0,0.0,50.0,382.1,383.9,18.6,19.2,32.2,1143064.7,2101.6,27.4,22.6,60.1,2.2,237.7,272.8,52.6,288.9,52.0,1428.8,1422.2,baseline
322.0,0.0,50.0,381.5,382.0,19.0,19.7,32.2,1073589.1,2207.9,28.0,22.0,60.1,2.2,237.7,268.9,53.5,286.2,52.7,1440.1,1432.9,baseline
323.0,0.0,50.0,382.3,383.0,19.0,19.7,32.2,970762.5,2303.3,28.4,21.6,60.1,1.9,238.0,269.6,53.2,287.3,52.4,1451.0,1443.6,baseline
324.0,0.0,50.0,383.5,383.6,19.0,19.7,32.2,941852.6,2464.3,28.0,22.0,60.1,1.9,238.0,270.2,52.8,288.5,52.2,1461.5,1455.1,baseline
325.0,0.0,50.0,384.3,385.4,19.0,19.6,32.6,881977.5,2663.8,27.8,22.2,60.1,1.8,238.1,270.7,52.3,289.8,52.2,1471.9,1466.9,baseline
326.0,0.0,50.0,383.2,384.0,19.5,20.2,32.6,793728.8,2838.9,27.7,22.3,60.1,1.8,238.1,271.8,52.3,290.5,51.9,1483.1,1478.0,baseline
327.0,0.0,50.0,383.6,383.0,19.7,20.6,32.4,742586.5,3113.5,27.9,22.1,60.1,1.8,238.1,262.9,54.5,283.1,53.5,1493.9,1489.3,baseline
328.0,0.0,50.0,383.6,383.4,19.6,20.7,32.4,668394.9,3362.3,27.7,22.3,60.1,1.8,238.1,263.0,54.6,283.6,53.4,1505.3,1500.2,baseline
329.0,0.0,50.0,384.2,384.1,19.4,20.7,32.3,620522.4,3506.9,27.3,22.7,60.1,1.8,238.1,264.1,54.7,284.2,53.1,1516.1,1512.1,baseline
330.0,0.0,50.0,385.2,385.3,19.4,20.7,32.3,595671.0,3740.0,27.5,22.5,60.1,1.8,238.1,264.1,54.6,285.6,52.8,1526.6,1524.1,baseline
331.0,0.0,50.0,384.8,384.0,19.6,21.1,32.3,550002.0,3996.5,27.7,22.3,60.1,1.7,238.2,265.1,54.5,286.3,52.8,1537.0,1536.0,baseline
332.0,0.0,50.0,383.2,381.9,20.2,21.8,32.3,516230.6,3557.6,27.7,22.3,60.1,1.7,238.2,259.7,55.7,278.9,54.5,1547.3,1548.0,baseline
333.0,0.0,50.0,383.8,382.5,20.2,21.7,32.5,485729.5,3103.2,28.0,22.0,60.1,1.7,238.2,260.3,55.5,279.9,54.3,1557.7,1559.6,baseline
334.0,0.0,50.0,384.0,383.7,20.0,21.6,32.5,455499.2,2454.0,28.2,21.8,60.1,1.7,238.2,260.2,55.8,280.0,54.6,1570.2,1568.9,baseline
335.0,0.0,50.0,385.4,384.7,20.0,21.5,32.9,427755.2,2126.9,28.9,21.1,59.4,2.3,238.3,261.0,55.8,281.1,54.5,1580.5,1579.7,baseline
336.0,0.0,50.0,383.8,381.6,20.2,22.3,32.9,392325.8,1824.1,29.3,20.7,58.9,2.8,238.3,262.6,55.7,281.8,54.7,1590.9,1590.0,baseline
337.0,0.0,50.0,382.3,382.3,20.8,22.2,33.5,377920.9,1644.9,29.0,21.0,57.9,3.8,238.3,260.8,56.4,279.8,55.7,1600.6,1601.3,baseline
338.0,0.0,50.0,382.9,382.5,20.8,22.3,33.5,350394.3,1545.3,29.1,20.9,57.9,3.8,238.3,262.8,56.2,281.1,55.8,1611.8,1611.0,baseline
339.0,0.0,50.0,383.3,382.7,20.6,22.3,34.0,327479.8,1397.4,29.1,20.9,57.9,3.8,238.3,264.1,55.6,282.7,55.6,1621.7,1622.0,baseline
340.0,0.0,50.0,384.1,383.9,20.6,22.3,34.0,302575.1,1321.7,28.5,21.5,57.9,3.8,238.3,266.2,55.4,284.0,55.3,1633.7,1631.5,baseline
341.0,0.0,50.0,383.1,383.0,21.0,22.6,34.5,285374.5,1254.2,27.5,22.5,57.9,3.8,238.3,268.1,55.4,285.8,54.9,1645.7,1642.0,baseline
342.0,0.0,50.0,380.9,381.9,21.6,22.9,34.5,267679.8,1140.7,27.2,22.8,57.9,3.8,238.3,266.8,56.1,283.0,55.7,1656.4,1654.1,baseline
343.0,0.0,50.0,381.9,382.7,21.4,22.9,34.4,256604.3,961.8,27.5,22.5,57.9,3.8,238.3,268.6,55.9,285.0,55.6,1667.7,1665.3,baseline
344.0,0.0,50.0,382.3,382.7,21.4,23.0,34.4,244552.0,913.1,27.8,22.2,57.7,4.0,238.3,269.9,55.7,287.2,55.3,1679.3,1675.9,baseline
345.0,0.0,50.0,383.5,382.9,21.2,22.9,34.8,233408.5,838.4,28.2,21.8,56.2,5.5,238.3,272.5,55.9,289.7,55.4,1689.8,1687.2,baseline
346.0,0.0,50.0,381.9,380.9,21.7,23.7,34.8,219011.7,816.0,28.3,21.7,55.4,6.0,238.6,275.0,55.9,292.7,55.0,1700.8,1697.9,baseline
347.0,0.0,50.0,381.1,379.2,22.1,24.1,35.3,209325.8,754.0,28.0,22.0,54.6,6.7,238.7,272.9,57.1,287.2,56.9,1712.2,1708.5,baseline
348.0,0.0,50.0,382.1,379.6,22.2,23.7,35.3,200016.7,712.9,27.4,22.6,54.6,6.7,238.7,275.7,57.0,291.0,57.0,1722.1,1721.2,baseline
349.0,0.0,50.0,382.3,379.6,22.1,23.6,35.5,195370.9,683.1,27.3,22.7,54.6,6.7,238.7,278.9,56.9,294.5,56.8,1733.1,1732.9,baseline
350.0,0.0,50.0,382.9,380.0,22.1,23.5,35.5,193225.1,658.6,26.9,23.1,54.6,6.7,238.7,281.8,56.9,298.2,56.6,1744.6,1744.5,baseline
351.0,0.0,50.0,382.2,377.5,22.4,24.2,35.8,193506.8,618.6,27.3,22.7,54.6,6.7,238.7,285.1,56.8,301.6,56.5,1756.1,1755.7,baseline
352.0,0.0,50.0,382.2,376.2,22.2,24.4,35.8,198648.0,599.3,27.4,22.6,54.6,6.7,238.7,281.6,58.1,299.6,57.8,1768.5,1765.9,baseline
353.0,0.0,50.0,382.4,377.6,22.2,24.4,36.1,200226.5,578.9,27.9,22.1,54.6,6.7,238.7,284.3,58.1,302.8,57.6,1781.4,1775.1,baseline
354.0,0.0,50.0,382.8,378.1,22.0,24.4,36.1,206324.7,550.9,27.8,22.2,54.6,6.7,238.7,287.4,58.3,305.6,57.7,1792.9,1785.8,baseline
355.0,0.0,50.0,383.2,378.5,22.1,24.2,36.0,213095.2,560.5,27.0,23.0,54.6,6.7,238.7,290.9,58.2,308.3,57.9,1804.4,1797.3,baseline
356.0,0.0,50.0,382.9,379.1,22.3,24.1,36.0,214612.4,557.2,26.8,23.2,54.6,6.6,238.8,294.3,57.9,310.9,58.0,1815.7,1809.2,baseline
357.0,0.0,50.0,382.9,376.9,22.5,24.7,36.3,234562.3,560.5,26.5,23.5,54.6,6.6,238.8,293.9,58.8,308.0,59.0,1826.8,1821.6,baseline
358.0,0.0,50.0,383.3,377.5,22.5,24.6,36.3,263366.4,564.4,26.4,23.6,54.6,6.6,238.8,296.1,58.8,311.5,58.6,1839.1,1832.9,baseline
359.0,0.0,50.0,383.7,378.3,22.5,24.5,36.3,291812.9,567.3,26.9,23.1,54.6,6.6,238.8,298.0,58.7,314.9,58.9,1850.2,1844.9,baseline
360.0,0.0,50.0,384.1,379.1,22.5,24.5,36.3,334140.7,587.6,26.5,23.5,54.6,6.6,238.8,300.0,58.5,317.8,59.0,1862.7,1855.9,baseline
361.0,0.0,50.0,382.3,375.7,23.0,25.6,36.6,380485.7,598.6,26.3,23.7,54.6,6.6,238.8,303.5,58.5,320.5,58.8,1873.8,1868.5,baseline
362.0,0.0,50.0,381.9,375.0,23.2,25.7,36.6,426009.8,632.1,26.5,23.5,54.6,6.6,238.8,300.7,59.8,318.4,60.1,1885.9,1879.9,baseline
363.0,0.0,50.0,382.5,375.4,23.2,25.7,36.9,460698.3,665.3,26.2,23.8,54.6,6.6,238.8,303.2,59.7,320.8,59.9,1897.3,1892.3,baseline
364.0,0.0,50.0,382.9,375.8,23.2,25.7,36.9,543085.8,682.7,26.8,23.2,54.6,6.6,238.8,305.8,59.1,323.5,60.0,1909.0,1903.8,baseline
365.0,0.0,50.0,383.7,376.0,23.0,25.7,37.2,583500.3,722.1,26.6,23.4,54.6,6.6,238.8,309.0,59.3,326.9,60.0,1920.0,1916.2,baseline
366.0,0.0,50.0,383.1,374.8,23.3,26.0,37.2,660474.9,756.1,25.9,24.1,54.6,6.6,238.8,312.3,59.1,330.2,60.0,1930.8,1929.5,baseline
367.0,0.0,50.0,380.4,371.3,24.0,26.8,37.4,763558.9,792.3,25.2,24.8,54.6,6.6,238.8,309.4,60.3,327.8,61.4,1943.0,1942.1,baseline
368.0,0.0,50.0,381.0,371.5,24.0,26.7,37.4,853222.3,834.7,25.4,24.6,54.6,6.6,238.8,312.1,60.0,331.3,61.1,1956.0,1953.7,baseline
369.0,0.0,50.0,381.8,371.7,23.9,26.6,37.3,956319.6,889.7,25.0,25.0,54.6,6.6,238.8,316.0,59.9,333.7,60.8,1967.9,1966.8,baseline
370.0,0.0,50.0,381.8,372.3,24.0,26.5,37.3,1047027.7,934.2,25.1,24.9,54.6,6.6,238.8,318.1,60.1,337.4,60.6,1980.1,1979.5,baseline
371.0,0.0,50.0,378.9,370.0,24.7,26.9,37.7,1278080.1,987.4,25.1,24.9,54.6,6.6,238.8,320.3,60.0,340.4,60.9,1992.7,1991.8,baseline
372.0,0.0,50.0,377.5,369.2,25.0,27.1,37.7,1443724.1,1042.1,24.7,25.3,54.6,6.6,238.8,316.9,61.6,334.5,62.8,2006.0,2003.8,baseline
373.0,0.0,50.0,378.1,369.8,24.8,27.1,38.1,1698874.7,1107.7,24.7,25.3,54.6,6.6,238.8,319.6,61.6,337.2,62.7,2019.0,2016.1,baseline
374.0,0.0,50.0,378.2,370.0,24.8,27.1,38.1,1950153.6,1179.9,24.7,25.3,54.6,6.6,238.8,322.7,61.5,339.8,62.5,2031.5,2028.9,baseline
375.0,0.0,50.0,379.6,370.6,24.7,26.9,38.6,2136096.7,1255.8,24.4,25.6,54.6,6.6,238.8,325.5,61.6,342.2,62.7,2045.4,2040.6,baseline
376.0,0.0,50.0,378.1,367.4,25.1,27.8,38.6,2272895.0,1348.8,24.7,25.3,54.6,6.6,238.8,326.9,61.7,345.6,62.5,2059.0,2052.3,baseline
377.0,0.0,50.0,378.7,367.8,25.0,27.8,38.5,2495751.4,1449.8,25.0,25.0,54.6,6.6,238.8,324.4,62.8,340.6,64.0,2071.6,2064.7,baseline
378.0,0.0,50.0,379.3,368.0,25.0,27.8,38.5,3136939.4,1560.5,25.5,24.5,54.6,6.6,238.8,326.9,62.9,343.0,64.1,2084.4,2076.4,baseline
379.0,0.0,50.0,379.9,368.2,24.9,27.8,38.5,3686420.3,1684.6,24.5,25.5,54.6,6.6,238.8,328.3,62.7,346.2,63.9,2096.5,2089.8,baseline
380.0,0.0,50.0,380.3,368.6,24.9,27.7,38.5,4016075.7,1831.1,24.5,25.5,54.6,6.6,238.8,332.0,62.7,348.1,63.9,2109.4,2102.4,baseline
381.0,0.0,50.0,377.7,366.0,25.7,28.4,38.4,4026200.3,1923.8,24.5,25.5,54.6,6.6,238.8,335.0,62.2,350.2,63.8,2122.1,2115.2,baseline
382.0,0.0,50.0,377.4,365.9,25.8,28.6,38.4,4651641.1,2101.9,24.5,25.5,54.6,6.6,238.8,326.2,64.8,347.8,64.8,2133.7,2129.1,baseline
383.0,0.0,50.0,377.8,366.1,25.8,28.6,38.0,5424193.2,2234.4,24.7,25.3,54.6,6.6,238.8,329.3,64.4,350.4,64.8,2147.5,2140.6,baseline
384.0,0.0,50.0,378.0,366.9,25.8,28.6,38.0,5349799.4,2373.0,25.5,24.5,54.6,6.6,238.8,332.5,63.9,352.7,64.9,2159.8,2152.8,baseline
385.0,0.0,50.0,378.4,366.8,25.8,28.7,37.8,5938702.8,2570.7,25.2,24.8,54.6,6.6,238.8,335.0,63.9,355.6,64.7,2171.5,2165.9,baseline
386.0,0.0,50.0,376.1,365.4,26.4,29.2,37.8,6568086.5,2800.7,25.6,24.4,54.6,6.6,238.8,338.6,63.9,357.7,64.5,2181.5,2180.3,baseline
387.0,0.0,50.0,375.3,365.2,26.7,29.3,37.5,7318368.9,3022.1,25.6,24.4,54.6,6.6,238.8,330.1,66.5,350.7,66.3,2194.0,2192.2,baseline
388.0,0.0,50.0,375.7,366.0,26.5,29.3,37.5,7817789.6,3267.2,25.5,24.5,54.6,6.6,238.8,331.2,66.9,352.8,66.3,2206.5,2204.2,baseline
389.0,0.0,50.0,376.2,366.2,26.3,29.2,37.1,8984115.0,3531.2,24.8,25.2,54.6,6.6,238.8,333.2,67.1,355.6,66.1,2218.6,2217.3,baseline
390.0,0.0,50.0,376.6,366.6,26.3,29.2,37.1,9867148.8,3769.3,24.5,25.5,54.6,6.6,238.8,334.6,67.2,358.3,66.0,2230.6,2230.8,baseline
391.0,0.0,50.0,376.9,365.7,26.5,29.5,36.7,10875512.5,4057.5,24.2,25.8,54.6,6.6,238.8,337.3,67.0,360.9,66.1,2243.3,2243.9,baseline
392.0,0.0,50.0,375.3,366.3,27.0,29.5,36.7,13289971.6,4433.1,24.9,25.1,54.6,6.6,238.8,334.0,67.9,354.2,67.9,2256.6,2255.7,baseline
393.0,0.0,50.0,375.9,365.9,27.0,29.6,36.0,16041659.0,4699.7,24.3,25.7,54.6,6.6,238.8,336.6,67.5,355.8,67.9,2269.9,2268.1,baseline
394.0,0.0,50.0,376.7,366.7,27.0,29.5,36.0,18259079.3,5119.0,24.9,25.1,54.6,6.6,238.8,340.3,67.5,357.2,67.9,2283.1,2280.0,baseline
395.0,0.0,50.0,376.9,367.3,27.0,29.4,35.5,20306696.1,5485.7,25.0,25.0,54.6,6.6,238.8,341.7,67.4,360.5,67.9,2294.4,2293.7,baseline
396.0,0.0,50.0,375.2,365.5,27.5,30.0,35.5,21419812.8,6019.9,24.5,25.5,54.6,6.6,238.8,343.5,67.5,363.5,67.6,2305.8,2307.8,baseline
397.0,0.0,50.0,374.6,365.4,27.7,30.1,35.1,22284435.4,6517.8,24.2,25.8,54.6,6.6,238.8,331.0,70.7,350.0,71.7,2318.9,2320.5,baseline
398.0,0.0,50.0,375.6,365.6,27.7,30.1,35.1,25893967.9,7014.0,24.4,25.6,54.6,6.6,238.8,334.6,70.6,352.4,71.5,2332.1,2332.9,baseline
399.0,0.0,50.0,376.0,366.0,27.7,30.1,34.5,30447566.1,7527.2,24.4,25.6,54.6,6.6,238.8,336.7,70.6,354.7,71.7,2346.5,2344.1,baseline
400.0,0.0,50.0,376.2,366.2,27.6,30.1,34.5,35823425.7,7023.7,25.4,24.6,54.6,6.6,238.8,339.7,70.5,356.1,71.8,2359.2,2356.0,baseline
401.0,0.0,50.0,374.7,366.2,28.0,30.2,34.0,40580167.4,7075.7,24.8,25.2,54.6,6.6,238.8,342.1,70.3,358.7,71.7,2371.0,2369.4,baseline
402.0,0.0,50.0,372.5,365.3,28.5,30.4,34.0,44924115.2,6352.9,24.8,25.2,54.6,6.6,238.8,330.7,73.6,348.3,74.4,2383.9,2381.7,baseline
403.0,0.0,50.0,373.1,365.9,28.5,30.4,33.4,49492571.6,5870.2,24.6,25.4,54.6,6.6,238.8,332.9,73.4,350.9,74.4,2396.7,2394.3,baseline
404.0,0.0,50.0,374.2,366.1,28.4,30.4,33.4,54413547.3,5179.0,24.6,25.4,54.6,6.6,238.8,335.3,73.3,352.8,74.3,2408.5,2407.9,baseline
405.0,0.0,50.0,374.6,366.5,28.4,30.3,32.8,65462557.7,4767.6,24.4,25.6,54.6,6.6,238.8,338.1,73.2,355.2,74.4,2421.0,2421.0,baseline
406.0,0.0,50.0,373.0,366.4,29.0,30.6,32.8,77653330.5,4294.6,24.0,26.0,54.6,6.6,238.8,341.4,72.9,356.6,74.5,2435.3,2432.7,baseline
407.0,0.0,50.0,370.3,366.2,29.7,30.7,32.4,92110164.8,3632.4,24.8,25.2,54.6,6.6,238.8,334.0,74.8,350.9,76.2,2446.4,2446.8,baseline
408.0,0.0,50.0,371.3,366.8,29.6,30.6,32.4,82966797.5,3282.7,25.0,25.0,54.6,6.6,238.8,337.7,74.7,353.2,75.6,2458.2,2460.0,baseline
409.0,0.0,50.0,371.5,367.0,29.5,30.4,32.0,78967226.4,3042.8,24.7,25.3,54.6,6.6,238.8,339.0,75.0,355.3,75.9,2469.9,2473.6,baseline
410.0,0.0,50.0,371.9,367.8,29.4,30.4,32.0,75649591.5,2848.2,24.6,25.4,54.6,6.6,238.8,341.2,74.8,358.2,75.9,2482.2,2486.7,baseline
411.0,0.0,50.0,370.6,366.2,29.4,30.6,31.8,71890096.1,2682.1,24.7,25.3,54.6,6.6,238.8,343.3,75.0,361.5,75.6,2493.8,2500.4,baseline
412.0,0.0,50.0,369.8,364.8,29.6,30.9,31.8,68437941.5,2461.0,24.8,25.2,54.6,6.6,238.8,333.2,77.7,351.4,78.3,2507.7,2511.7,baseline
413.0,0.0,50.0,370.0,365.6,29.5,30.9,31.7,62643900.1,2337.9,25.3,24.7,54.6,6.6,238.8,335.2,77.5,353.7,78.7,2519.6,2524.5,baseline
414.0,0.0,50.0,370.6,366.0,29.5,30.8,31.7,57507903.1,2203.9,25.4,24.6,54.6,6.6,238.8,336.6,77.6,356.0,79.0,2531.6,2537.1,baseline
415.0,0.0,50.0,370.8,366.8,29.5,30.6,31.3,51555893.6,2146.7,24.4,25.6,54.6,6.6,238.8,339.5,77.6,359.1,78.7,2544.6,2549.7,baseline
416.0,0.0,50.0,370.6,366.9,29.4,30.5,31.3,46474707.7,2002.5,23.6,26.4,54.6,6.6,238.8,342.7,77.5,362.1,78.7,2557.8,2562.9,baseline
417.0,0.0,50.0,370.3,363.6,29.6,31.3,31.2,43920996.1,1891.5,23.3,26.7,54.6,6.6,238.8,331.2,80.4,352.7,80.5,2571.1,2576.3,baseline
418.0,0.0,50.0,370.3,363.8,29.7,31.2,31.2,38863741.4,1813.0,23.7,26.3,54.6,6.6,238.8,332.8,80.3,355.8,80.3,2583.2,2590.5,baseline
419.0,0.0,50.0,370.3,364.0,29.8,31.2,30.7,37679069.5,1788.6,24.1,25.9,54.6,6.6,238.8,335.1,80.1,356.9,80.5,2596.4,2603.2,baseline
420.0,0.0,50.0,370.9,364.4,29.7,31.1,30.7,35237527.3,1733.7,25.0,25.0,54.6,6.6,238.8,337.8,80.2,359.5,80.4,2609.3,2615.3,baseline
421.0,0.0,50.0,367.9,362.8,30.4,31.4,30.2,32131953.5,1723.6,25.2,24.8,54.6,6.6,238.8,341.1,79.7,361.8,80.5,2622.4,2627.0,baseline
422.0,0.0,50.0,366.4,360.9,30.8,32.0,30.2,29322548.2,1755.1,25.5,24.5,54.6,6.6,238.8,329.5,82.3,353.5,82.7,2633.9,2640.0,baseline
423.0,0.0,50.0,366.4,361.3,30.7,32.0,29.8,27109904.5,1781.0,25.4,24.6,54.6,6.6,238.8,331.5,82.3,355.7,82.6,2647.0,2651.5,baseline
424.0,0.0,50.0,366.6,361.7,30.7,31.9,29.8,26134608.8,1847.8,24.8,25.2,54.6,6.6,238.8,334.1,82.5,357.1,82.5,2660.3,2663.4,baseline
425.0,0.0,50.0,366.6,362.1,30.5,31.8,29.5,24942025.1,1887.1,24.3,25.7,54.6,6.6,238.8,336.2,82.7,359.4,82.4,2672.6,2676.8,baseline
426.0,0.0,50.0,366.0,360.7,30.7,32.2,29.5,23098497.2,2004.1,24.1,25.9,54.6,6.6,238.8,338.9,82.5,362.5,82.2,2684.1,2691.2,baseline
427.0,0.0,50.0,364.4,361.1,30.9,32.1,29.4,21627960.3,2086.5,24.5,25.5,54.6,6.6,238.8,331.5,84.7,354.1,84.5,2695.6,2705.2,baseline
428.0,0.0,50.0,364.4,361.5,30.9,32.0,29.4,21553057.9,2233.3,25.3,24.7,54.6,6.6,238.8,333.1,84.8,356.8,84.6,2709.2,2716.3,baseline
429.0,0.0,50.0,365.1,362.1,30.6,32.0,29.0,19577875.6,2351.0,24.4,25.6,54.6,6.6,238.8,335.3,84.9,359.3,84.6,2722.4,2728.7,baseline
430.0,0.0,50.0,366.1,362.7,30.3,32.0,29.0,18657039.2,2484.2,24.5,25.5,54.6,6.6,238.8,338.1,85.0,360.4,84.8,2734.9,2741.7,baseline
431.0,0.0,50.0,364.7,361.4,30.6,32.4,28.7,17528490.1,2593.7,24.9,25.1,54.6,6.6,238.8,339.2,85.0,364.0,84.6,2749.0,2752.7,baseline
432.0,0.0,50.0,364.2,360.4,30.7,32.7,28.7,16171694.8,2755.2,24.6,25.4,54.6,6.6,238.8,332.3,86.8,354.8,87.0,2761.3,2765.8,baseline
433.0,0.0,50.0,364.8,360.2,30.6,32.8,28.6,14991624.8,2864.3,24.9,25.1,54.6,6.6,238.8,334.7,86.7,357.3,86.8,2773.3,2778.9,baseline
434.0,0.0,50.0,365.2,360.2,30.3,32.6,28.6,14297568.9,3085.9,25.7,24.3,54.6,6.6,238.8,336.0,87.0,359.5,87.0,2785.0,2791.5,baseline
435.0,0.0,50.0,365.3,360.2,30.2,32.4,28.3,13290236.5,3209.5,25.7,24.3,54.6,6.6,238.8,338.7,87.0,361.3,87.2,2797.0,2803.8,baseline
436.0,0.0,50.0,364.3,358.9,30.3,32.6,28.3,13055013.4,2862.9,26.0,24.0,54.6,6.6,238.8,341.4,86.6,364.0,87.0,2809.8,2815.0,baseline
437.0,0.0,50.0,362.4,355.6,30.8,33.3,27.9,12420010.9,2440.8,25.4,24.6,54.6,6.6,238.8,334.2,88.5,352.2,90.3,2822.3,2827.1,baseline
438.0,0.0,50.0,362.8,355.8,30.7,33.0,27.9,11659367.6,2225.4,25.4,24.6,54.6,6.6,238.8,336.2,88.2,353.5,90.6,2834.6,2839.4,baseline
439.0,0.0,50.0,363.2,355.8,30.7,33.0,27.8,10552902.8,1958.0,25.3,24.7,54.6,6.6,238.8,338.2,88.3,355.3,90.4,2846.3,2852.4,baseline
440.0,0.0,50.0,363.6,355.8,30.5,33.0,27.8,10140859.1,1718.1,25.6,24.4,54.6,6.6,238.8,340.9,88.0,358.5,90.4,2859.8,2863.3,baseline
441.0,0.0,50.0,362.6,354.6,30.6,33.3,27.8,9474775.3,1424.8,25.5,24.5,54.6,6.6,238.8,343.0,88.1,361.0,90.1,2871.5,2876.1,baseline
442.0,0.0,50.0,361.5,354.2,30.9,33.2,27.8,8883804.4,1243.1,25.0,25.0,54.6,6.6,238.8,332.9,90.6,350.2,93.2,2883.7,2888.9,baseline
443.0,0.0,50.0,362.1,354.4,30.8,33.1,27.8,8453601.5,1147.2,25.8,24.2,54.6,6.6,238.8,335.2,90.0,354.1,92.9,2894.0,2902.8,baseline
444.0,0.0,50.0,362.5,355.0,30.7,32.9,27.8,7794384.4,1039.0,26.0,24.0,54.6,6.6,238.8,338.0,90.1,355.6,93.2,2905.9,2914.9,baseline
445.0,0.0,50.0,362.9,355.2,30.6,32.9,27.5,7105552.7,918.9,26.6,23.4,54.6,6.6,238.8,340.2,89.7,357.8,93.2,2917.8,2926.4,baseline
446.0,0.0,50.0,362.7,354.4,30.6,33.2,27.5,6417528.4,822.0,26.2,23.8,54.6,6.6,238.8,342.6,89.9,359.9,92.6,2929.7,2938.3,baseline
447.0,0.0,50.0,361.4,353.1,30.8,33.5,27.7,5891296.8,777.7,27.2,22.8,54.6,6.6,238.8,333.4,92.5,350.7,94.6,2941.2,2949.6,baseline
448.0,0.0,50.0,361.5,353.1,30.8,33.5,27.7,5513640.6,698.7,27.3,22.7,54.6,6.6,238.8,335.8,92.0,353.1,94.2,2953.8,2959.7,baseline
449.0,0.0,50.0,361.5,353.1,30.6,33.4,27.4,5107261.3,620.8,26.5,23.5,54.6,6.6,238.8,338.2,92.0,356.4,93.8,2964.9,2972.1,baseline
450.0,0.0,50.0,361.7,353.1,30.6,33.4,27.4,4814000.1,527.6,26.7,23.3,54.6,6.6,238.8,340.6,92.2,357.7,93.7,2976.3,2984.0,baseline
451.0,0.0,50.0,360.6,351.9,30.8,33.6,27.5,4606503.1,468.9,26.5,23.5,54.6,6.6,238.8,341.4,92.3,361.0,93.8,2988.2,2995.6,baseline
452.0,0.0,50.0,359.7,350.7,31.0,33.7,27.5,4164157.1,421.7,26.5,23.5,54.6,6.6,238.8,333.8,94.3,352.3,95.9,3000.4,3006.9,baseline
453.0,0.0,50.0,360.0,351.3,30.9,33.5,27.9,3834388.2,380.6,26.9,23.1,54.6,6.6,238.8,336.4,94.3,354.5,95.9,3011.5,3018.9,baseline
454.0,0.0,50.0,360.2,351.4,30.7,33.5,27.9,3660380.8,345.6,27.1,22.9,54.6,6.6,238.8,339.1,94.4,356.9,96.0,3023.1,3030.2,baseline
455.0,0.0,50.0,360.6,351.4,30.6,33.4,28.0,3544433.3,318.8,26.8,23.2,54.6,6.6,238.8,341.8,93.9,360.0,95.8,3034.0,3042.5,baseline
456.0,0.0,50.0,359.3,350.7,30.8,33.4,28.0,3438338.0,297.6,26.7,23.3,54.6,6.6,238.8,343.2,94.2,362.4,95.6,3046.0,3053.8,baseline
457.0,0.0,50.0,358.0,350.3,31.0,33.5,28.5,3235025.3,268.0,26.2,23.8,54.6,6.6,238.8,333.9,96.4,353.3,97.8,3057.5,3066.1,baseline
458.0,0.0,50.0,358.0,350.7,31.0,33.5,28.5,3091831.9,247.1,26.1,23.9,54.6,6.6,238.8,337.1,96.1,355.3,97.5,3069.5,3078.0,baseline
459.0,0.0,50.0,358.2,350.7,31.0,33.5,28.8,2995692.9,230.4,26.6,23.4,54.6,6.6,238.8,338.2,96.1,357.7,97.5,3081.1,3089.8,baseline
460.0,0.0,50.0,359.0,351.1,31.0,33.5,28.8,2896535.9,213.4,27.3,22.7,54.6,6.6,238.8,340.1,95.9,361.1,97.4,3093.3,3100.3,baseline
461.0,0.0,50.0,358.0,349.6,31.4,33.7,29.0,2795932.3,203.0,27.0,23.0,54.5,6.7,238.8,342.9,95.6,363.1,97.7,3104.3,3112.3,baseline
462.0,0.0,50.0,357.4,349.0,31.5,33.9,29.0,2715013.6,191.3,26.6,23.4,54.5,6.7,238.8,331.9,98.5,352.9,100.3,3115.3,3124.7,baseline
463.0,0.0,50.0,358.2,348.6,31.3,34.0,29.2,2648069.6,190.1,26.4,23.6,54.5,6.7,238.8,334.4,98.3,354.9,99.8,3129.2,3134.4,baseline
464.0,0.0,50.0,358.2,349.0,31.3,34.0,29.2,2664922.1,185.5,27.0,23.0,54.5,6.7,238.8,336.2,97.8,355.4,100.3,3140.1,3146.5,baseline
465.0,0.0,50.0,358.4,349.4,31.2,34.0,29.4,2738452.8,176.2,26.6,23.4,54.5,6.7,238.8,338.3,97.3,358.8,100.2,3151.6,3158.4,baseline
466.0,0.0,50.0,356.4,348.3,31.7,34.1,29.4,2680716.9,169.7,26.3,23.7,54.2,7.0,238.8,340.0,97.1,361.0,100.6,3163.5,3170.2,baseline
467.0,0.0,50.0,355.3,347.0,31.8,34.3,29.5,2779956.0,173.2,26.2,23.8,53.9,7.1,239.0,333.9,98.4,350.1,103.4,3175.8,3181.7,baseline
468.0,0.0,50.0,355.5,347.2,31.8,34.3,29.5,2801304.8,174.2,26.5,23.5,53.8,7.1,239.1,337.6,98.3,352.3,102.9,3187.4,3193.6,baseline
469.0,0.0,50.0,355.5,347.4,31.6,34.0,30.1,2826304.9,181.5,26.0,24.0,53.6,7.3,239.1,339.8,98.4,354.5,103.4,3199.7,3205.3,baseline
470.0,0.0,50.0,355.9,347.6,31.6,34.0,30.1,3135503.9,183.6,25.7,24.3,53.3,7.6,239.1,343.0,98.1,356.4,103.6,3212.9,3216.4,baseline
471.0,0.0,50.0,354.5,347.0,32.0,34.1,30.5,3310668.0,190.2,26.0,24.0,53.2,7.7,239.1,345.8,98.1,359.1,103.5,3226.6,3226.7,baseline
472.0,0.0,50.0,352.8,345.8,32.4,34.2,30.5,3405553.5,193.6,25.5,24.5,52.8,7.9,239.3,337.5,100.1,348.9,106.2,3239.2,3238.6,baseline
473.0,0.0,50.0,353.4,346.0,32.4,33.9,30.8,3626843.1,198.3,25.6,24.4,52.6,7.9,239.5,341.1,99.9,351.0,106.1,3250.7,3251.5,baseline
474.0,0.0,50.0,353.8,346.0,32.3,33.9,30.8,3767519.5,206.1,26.5,23.5,52.1,8.4,239.5,341.8,100.3,353.5,105.8,3262.4,3263.3,baseline
475.0,0.0,50.0,354.2,346.0,32.3,33.9,31.3,4065888.4,216.5,26.2,23.8,51.7,8.7,239.6,343.8,100.4,356.5,105.6,3275.5,3274.0,baseline
476.0,0.0,50.0,352.6,344.0,32.7,34.4,31.3,4536080.1,231.7,26.4,23.6,51.5,8.8,239.7,347.8,100.1,359.4,105.7,3285.4,3287.7,baseline
477.0,0.0,50.0,352.1,343.4,32.7,34.5,31.6,4753763.9,242.5,26.7,23.3,51.3,8.9,239.8,335.6,103.0,347.8,109.1,3296.5,3299.9,baseline
478.0,0.0,50.0,352.1,343.8,32.7,34.4,31.6,5353578.6,256.9,26.3,23.7,50.9,9.1,240.0,339.1,102.8,350.3,109.3,3308.4,3311.7,baseline
479.0,0.0,50.0,352.1,343.8,32.7,34.3,31.9,5997513.3,269.8,26.5,23.5,50.8,8.9,240.3,342.4,102.5,353.1,109.3,3320.7,3322.9,baseline
480.0,0.0,50.0,352.3,344.0,32.7,34.3,31.9,6535550.9,283.8,26.6,23.4,50.8,8.9,240.3,346.1,102.4,355.7,109.2,3331.8,3335.2,baseline
481.0,0.0,50.0,349.5,342.8,33.3,34.6,32.4,7497792.7,298.6,26.7,23.3,50.8,8.9,240.3,350.4,102.1,357.5,109.4,3343.5,3346.8,baseline
482.0,0.0,50.0,349.4,342.8,33.3,34.5,32.4,8544853.4,313.4,26.8,23.2,50.8,8.9,240.3,342.0,104.3,346.9,112.2,3353.1,3360.4,baseline
483.0,0.0,50.0,349.8,342.8,33.3,34.4,32.7,9529900.7,334.8,27.0,23.0,50.8,8.9,240.3,343.8,104.5,350.1,111.9,3364.3,3372.2,baseline
484.0,0.0,50.0,350.0,343.0,33.2,34.4,32.7,9729855.2,359.2,27.1,22.9,50.8,8.9,240.3,345.7,105.1,353.6,111.7,3375.7,3383.7,baseline
485.0,0.0,50.0,350.2,343.2,33.2,34.4,33.1,10835189.5,393.8,27.2,22.8,50.8,8.9,240.3,348.9,104.9,355.8,111.8,3387.3,3394.9,baseline
486.0,0.0,50.0,350.4,341.6,33.2,34.7,33.1,12045804.5,420.2,26.6,23.4,50.8,8.9,240.3,352.1,105.1,359.3,111.8,3398.9,3406.7,baseline
487.0,0.0,50.0,348.8,341.3,33.4,34.7,33.6,13441687.2,459.0,27.1,22.9,50.8,8.9,240.3,341.2,108.0,345.9,115.5,3410.2,3418.3,baseline
488.0,0.0,50.0,349.2,341.7,33.4,34.7,33.6,16016455.8,491.7,26.7,23.3,50.8,8.9,240.3,343.5,108.0,349.3,115.6,3422.3,3429.5,baseline
489.0,0.0,50.0,349.2,342.1,33.4,34.7,33.8,17452578.3,517.7,26.4,23.6,50.8,8.9,240.3,347.0,108.0,352.3,115.4,3434.3,3441.1,baseline
490.0,0.0,50.0,349.8,342.6,33.3,34.7,33.8,20200928.1,563.6,25.8,24.2,50.8,8.8,240.4,349.9,108.0,357.3,115.0,3446.9,3452.7,baseline
491.0,0.0,50.0,348.5,342.8,33.6,34.7,34.5,21579402.4,593.0,25.4,24.6,50.8,8.8,240.4,353.5,107.9,360.0,114.8,3458.5,3465.7,baseline
492.0,0.0,50.0,347.3,342.2,33.8,34.8,34.5,20230755.1,634.0,25.1,24.9,50.8,8.8,240.4,339.9,111.1,349.6,117.2,3471.6,3477.5,baseline
493.0,0.0,50.0,347.3,342.2,33.8,34.8,34.7,18722606.0,691.9,25.1,24.9,50.8,8.8,240.4,342.4,110.8,352.0,117.5,3482.4,3491.6,baseline
494.0,0.0,50.0,347.3,342.2,33.7,34.7,34.7,17158379.4,739.8,25.5,24.5,50.8,8.8,240.4,345.7,111.1,354.1,117.5,3495.2,3503.3,baseline
495.0,0.0,50.0,347.7,342.4,33.7,34.7,34.8,15500878.1,804.7,25.2,24.8,50.8,8.8,240.4,349.2,111.1,357.1,117.5,3507.9,3515.4,baseline
496.0,0.0,50.0,346.3,340.5,34.0,35.2,34.8,14933875.6,888.0,25.1,24.9,50.8,8.8,240.4,350.1,111.7,359.4,117.4,3521.9,3526.3,baseline
497.0,0.0,50.0,346.0,339.6,34.1,35.3,35.2,14373362.7,980.1,24.5,25.5,50.8,8.8,240.4,336.1,115.1,345.3,120.9,3533.6,3540.1,baseline
498.0,0.0,50.0,346.0,339.6,34.1,35.4,35.2,13153373.7,1047.8,24.9,25.1,50.8,8.8,240.4,339.0,115.2,347.7,120.7,3546.8,3552.0,baseline
499.0,0.0,50.0,346.4,340.0,34.0,35.4,35.7,11798957.3,1129.6,24.7,25.3,50.8,8.8,240.4,340.5,115.7,350.9,120.5,3559.3,3564.8,baseline
500.0,0.0,50.0,346.6,340.6,33.9,35.3,35.7,11054054.0,1227.6,25.0,25.0,50.8,8.8,240.4,343.8,115.7,353.2,120.9,3571.9,3577.2,baseline
